caldt,vwretd
20000103,-0.009385
20000104,-0.038436
20000105,0.000861
20000106,-0.002834
20000107,0.032185
20000110,0.011417
20000111,-0.013781
20000112,-0.004246
20000113,0.012918
20000114,0.010723
20000118,-0.006500
20000119,0.001412
20000120,-0.008660
20000121,-0.002923
20000124,-0.027223
20000125,0.006582
20000126,-0.005063
20000127,-0.003752
20000128,-0.026674
20000131,0.024638
20000201,0.011097
20000202,-0.000557
20000203,0.012121
20000204,-0.000492
20000207,0.000628
20000208,0.011380
20000209,-0.020373
20000210,0.003727
20000211,-0.020607
20000214,0.001837
20000215,0.009352
20000216,-0.010351
20000217,-0.000424
20000218,-0.030001
20000222,0.004273
20000223,0.007722
20000224,-0.005720
20000225,-0.014729
20000228,0.010583
20000229,0.014415
20000301,0.009355
20000302,0.001277
20000303,0.020696
20000306,-0.012653
20000307,-0.026713
20000308,0.008669
20000309,0.024992
20000310,-0.004284
20000313,-0.007836
20000314,-0.018024
20000315,0.024295
20000316,0.047306
20000317,0.005001
20000320,-0.005342
20000321,0.024770
20000322,0.005105
20000323,0.018145
20000324,0.000268
20000327,-0.002325
20000328,-0.010875
20000329,0.001094
20000330,-0.013676
20000331,0.008026
20000403,0.002777
20000404,-0.006050
20000405,-0.004872
20000406,0.008649
20000407,0.010101
20000410,-0.007807
20000411,-0.002796
20000412,-0.021777
20000413,-0.017048
20000414,-0.059392
20000417,0.032607
20000418,0.028617
20000419,-0.009244
20000420,0.004224
20000424,-0.002569
20000425,0.034170
20000426,-0.012069
20000427,0.002953
20000428,-0.008540
20000501,0.010786
20000502,-0.015308
20000503,-0.020843
20000504,-0.004372
20000505,0.015642
20000508,-0.005706
20000509,-0.008494
20000510,-0.021252
20000511,0.019590
20000512,0.008513
20000515,0.021946
20000516,0.010120
20000517,-0.012316
20000518,-0.007502
20000519,-0.021631
20000522,-0.004360
20000523,-0.020077
20000524,0.019539
20000525,-0.013255
20000526,-0.001875
20000530,0.032366
20000531,-0.001226
20000601,0.020402
20000602,0.019616
20000605,-0.006698
20000606,-0.007085
20000607,0.010396
20000608,-0.007096
20000609,-0.003281
20000612,-0.007719
20000613,0.016449
20000614,0.000881
20000615,0.005811
20000616,-0.009541
20000619,0.015042
20000620,-0.006659
20000621,0.002097
20000622,-0.018218
20000623,-0.007393
20000626,0.009739
20000627,-0.003335
20000628,0.003403
20000629,-0.008666
20000630,0.008580
20000703,0.009827
20000705,-0.016173
20000706,0.007423
20000707,0.015319
20000710,-0.002222
20000711,0.003459
20000712,0.008432
20000713,0.001894
20000714,0.009428
20000717,0.000541
20000718,-0.011055
20000719,-0.007859
20000720,0.009351
20000721,-0.010021
20000724,-0.010667
20000725,0.007075
20000726,-0.015004
20000727,-0.001627
20000728,-0.020448
20000731,0.007756
20000801,0.005080
20000802,0.000497
20000803,0.009792
20000804,0.007225
20000807,0.011263
20000808,0.002618
20000809,-0.006626
20000810,-0.008702
20000811,0.008185
20000814,0.013383
20000815,-0.004891
20000816,-0.002881
20000817,0.010768
20000818,-0.002984
20000821,0.005288
20000822,-0.000792
20000823,0.005313
20000824,0.001704
20000825,-0.001305
20000828,0.005277
20000829,-0.002604
20000830,-0.004400
20000831,0.009986
20000901,0.002094
20000905,-0.008970
20000906,-0.010056
20000907,0.007092
20000908,-0.005290
20000911,-0.003522
20000912,-0.004889
20000913,0.002464
20000914,-0.002677
20000915,-0.010280
20000918,-0.014178
20000919,0.010489
20000920,-0.005506
20000921,-0.002451
20000922,0.000876
20000925,-0.006833
20000926,-0.008219
20000927,-0.000572
20000928,0.021732
20000929,-0.014369
20001002,-0.000038
20001003,-0.007258
20001004,0.005245
20001005,0.002105
20001006,-0.018840
20001009,-0.005590
20001010,-0.011521
20001011,-0.015350
20001012,-0.026515
20001013,0.034524
20001016,0.000466
20001017,-0.017900
20001018,-0.005673
20001019,0.034935
20001020,0.005780
20001023,-0.000939
20001024,0.001801
20001025,-0.023770
20001026,-0.000038
20001027,0.011125
20001030,0.014031
20001031,0.022132
20001101,-0.005860
20001102,0.005507
20001103,-0.000844
20001106,0.003895
20001107,-0.000037
20001108,-0.015932
20001109,-0.006307
20001110,-0.024793
20001113,-0.010700
20001114,0.023809
20001115,0.004871
20001116,-0.012698
20001117,-0.003303
20001120,-0.018191
20001121,0.003521
20001122,-0.018706
20001124,0.015230
20001127,0.005074
20001128,-0.009687
20001129,0.004785
20001130,-0.020141
20001201,0.000234
20001204,0.007385
20001205,0.039589
20001206,-0.018185
20001207,-0.005831
20001208,0.019867
20001211,0.007685
20001212,-0.006893
20001213,-0.008274
20001214,-0.013829
20001215,-0.021747
20001218,0.008306
20001219,-0.013216
20001220,-0.031229
20001221,0.008053
20001222,0.024469
20001226,0.007053
20001227,0.010715
20001228,0.004048
20001229,-0.010411
20010102,-0.028371
20010103,0.050591
20010104,-0.010667
20010105,-0.026591
20010108,-0.001724
20010109,0.004094
20010110,0.009595
20010111,0.010237
20010112,-0.006454
20010116,0.006371
20010117,0.002163
20010118,0.014016
20010119,-0.004101
20010122,0.000250
20010123,0.013191
20010124,0.002976
20010125,-0.005012
20010126,-0.001704
20010129,0.006798
20010130,0.007068
20010131,-0.005587
20010201,0.005626
20010202,-0.017533
20010205,0.003487
20010206,-0.001383
20010207,-0.008208
20010208,-0.006215
20010209,-0.013722
20010212,0.012105
20010213,-0.008527
20010214,-0.001943
20010215,0.008388
20010216,-0.019003
20010220,-0.017329
20010221,-0.018551
20010222,-0.002012
20010223,-0.005536
20010226,0.017562
20010227,-0.007641
20010228,-0.013917
20010301,0.001041
20010302,-0.005929
20010305,0.006105
20010306,0.010168
20010307,0.006646
20010308,0.002230
20010309,-0.025011
20010312,-0.043332
20010313,0.015480
20010314,-0.025915
20010315,0.005693
20010316,-0.019575
20010319,0.017710
20010320,-0.024259
20010321,-0.017817
20010322,-0.003781
20010323,0.019876
20010326,0.011112
20010327,0.025461
20010328,-0.024266
20010329,-0.004697
20010330,0.010810
20010402,-0.012619
20010403,-0.034401
20010404,-0.002850
20010405,0.043928
20010406,-0.020124
20010409,0.007990
20010410,0.027424
20010411,-0.002031
20010412,0.015173
20010416,-0.003394
20010417,0.010463
20010418,0.039394
20010419,0.012893
20010420,-0.008665
20010423,-0.015198
20010424,-0.012301
20010425,0.015993
20010426,0.004864
20010427,0.015063
20010430,-0.002827
20010501,0.013680
20010502,0.000995
20010503,-0.014686
20010504,0.014492
20010507,-0.002508
20010508,-0.001616
20010509,-0.004568
20010510,-0.000072
20010511,-0.007488
20010514,0.002760
20010515,0.000335
20010516,0.028754
20010517,0.002819
20010518,0.002578
20010521,0.016336
20010522,-0.002543
20010523,-0.015468
20010524,0.003250
20010525,-0.011901
20010529,-0.007846
20010530,-0.015481
20010531,0.006323
20010601,0.003923
20010604,0.005016
20010605,0.013073
20010606,-0.010253
20010607,0.005412
20010608,-0.009416
20010611,-0.008444
20010612,0.001065
20010613,-0.011144
20010614,-0.017572
20010615,-0.004627
20010618,-0.004739
20010619,0.003493
20010620,0.008745
20010621,0.011599
20010622,-0.009653
20010625,-0.005565
20010626,-0.001503
20010627,-0.004428
20010628,0.012857
20010629,-0.001906
20010702,0.010258
20010703,-0.001440
20010705,-0.012378
20010706,-0.023329
20010709,0.006846
20010710,-0.014177
20010711,-0.001062
20010712,0.023841
20010713,0.006271
20010716,-0.010901
20010717,0.010106
20010718,-0.005221
20010719,0.005874
20010720,-0.003578
20010723,-0.016416
20010724,-0.016269
20010725,0.015906
20010726,0.010376
20010727,0.002481
20010730,-0.001052
20010731,0.005557
20010801,0.003961
20010802,0.004196
20010803,-0.004970
20010806,-0.011432
20010807,0.003412
20010808,-0.017197
20010809,0.000115
20010810,0.005657
20010813,0.000993
20010814,-0.003823
20010815,-0.007176
20010816,0.003016
20010817,-0.016517
20010820,0.008191
20010821,-0.012215
20010822,0.007032
20010823,-0.002899
20010824,0.019594
20010827,-0.004758
20010828,-0.015032
20010829,-0.011160
20010830,-0.016924
20010831,0.004151
20010904,-0.000583
20010905,-0.000843
20010906,-0.022362
20010907,-0.018559
20010910,0.006272
20010917,-0.048809
20010918,-0.005685
20010919,-0.015842
20010920,-0.030608
20010921,-0.019294
20010924,0.039013
20010925,0.008676
20010926,-0.004796
20010927,0.011205
20010928,0.021785
20011001,-0.002043
20011002,0.012118
20011003,0.020304
20011004,-0.002687
20011005,0.001935
20011008,-0.008232
20011009,-0.005336
20011010,0.022807
20011011,0.015019
20011012,-0.005068
20011015,-0.001281
20011016,0.007022
20011017,-0.018789
20011018,-0.007368
20011019,0.004644
20011022,0.015346
20011023,-0.004935
20011024,0.000427
20011025,0.013862
20011026,0.003998
20011029,-0.023653
20011030,-0.017126
20011031,0.000007
20011101,0.023063
20011102,0.003038
20011105,0.014451
20011106,0.014678
20011107,-0.002384
20011108,0.002338
20011109,0.001478
20011112,-0.001631
20011113,0.018696
20011114,0.002472
20011115,0.001131
20011116,-0.003265
20011119,0.010845
20011120,-0.007236
20011121,-0.004852
20011123,0.011676
20011126,0.006317
20011127,-0.006856
20011128,-0.018019
20011129,0.010498
20011130,-0.000663
20011203,-0.008463
20011204,0.013202
20011205,0.022692
20011206,-0.002598
20011207,-0.007555
20011210,-0.015739
20011211,-0.002868
20011212,0.000496
20011213,-0.015540
20011214,0.003273
20011217,0.010135
20011218,0.007712
20011219,0.005992
20011220,-0.008188
20011221,0.004232
20011224,-0.000286
20011226,0.004117
20011227,0.006945
20011228,0.003304
20011231,-0.011112
20020102,0.005897
20020103,0.009302
20020104,0.006248
20020107,-0.006477
20020108,-0.003317
20020109,-0.004710
20020110,0.001231
20020111,-0.009368
20020114,-0.006209
20020115,0.006759
20020116,-0.016412
20020117,0.010413
20020118,-0.009908
20020122,-0.007226
20020123,0.007627
20020124,0.003444
20020125,0.001022
20020128,-0.000210
20020129,-0.028604
20020130,0.011895
20020131,0.015062
20020201,-0.007371
20020204,-0.024551
20020205,-0.003882
20020206,-0.006016
20020207,-0.002897
20020208,0.014955
20020211,0.014354
20020212,-0.003956
20020213,0.010340
20020214,-0.001707
20020215,-0.011077
20020219,-0.018810
20020220,0.013757
20020221,-0.015566
20020222,0.007934
20020225,0.018069
20020226,0.000002
20020227,0.000890
20020228,-0.002858
20020301,0.022751
20020304,0.019576
20020305,-0.006701
20020306,0.014598
20020307,-0.004533
20020308,0.005946
20020311,0.003259
20020312,-0.002261
20020313,-0.009669
20020314,-0.000854
20020315,0.011431
20020318,-0.000649
20020319,0.004117
20020320,-0.015796
20020321,0.001608
20020322,-0.004151
20020325,-0.014667
20020326,0.006045
20020327,0.005253
20020328,0.002583
20020401,-0.001007
20020402,-0.008665
20020403,-0.009769
20020404,0.001006
20020405,-0.003188
20020408,0.002535
20020409,-0.006698
20020410,0.011447
20020411,-0.023712
20020412,0.006875
20020415,-0.007851
20020416,0.023342
20020417,-0.002028
20020418,-0.001395
20020419,0.000537
20020422,-0.015421
20020423,-0.006119
20020424,-0.007069
20020425,-0.001515
20020426,-0.013817
20020429,-0.010137
20020430,0.010847
20020501,0.008925
20020502,-0.001734
20020503,-0.010451
20020506,-0.019451
20020507,-0.002952
20020508,0.037787
20020509,-0.014458
20020510,-0.016818
20020513,0.018680
20020514,0.021270
20020515,-0.005369
20020516,0.006577
20020517,0.007806
20020520,-0.013180
20020521,-0.011087
20020522,0.005715
20020523,0.010190
20020524,-0.012327
20020528,-0.008512
20020529,-0.006341
20020530,-0.002676
20020531,0.002240
20020603,-0.024935
20020604,0.000105
20020605,0.009320
20020606,-0.019821
20020607,-0.001546
20020610,0.003383
20020611,-0.016831
20020612,0.006998
20020613,-0.010477
20020614,-0.002054
20020617,0.028663
20020618,0.000924
20020619,-0.016437
20020620,-0.013501
20020621,-0.017190
20020624,0.003660
20020625,-0.016876
20020626,-0.002120
20020627,0.017571
20020628,-0.001056
20020701,-0.021579
20020702,-0.020978
20020703,0.006182
20020705,0.036595
20020708,-0.011927
20020709,-0.024760
20020710,-0.033390
20020711,0.007639
20020712,-0.006274
20020715,-0.003375
20020716,-0.018342
20020717,0.005464
20020718,-0.027239
20020719,-0.037928
20020722,-0.032847
20020723,-0.026776
20020724,0.057541
20020725,-0.005814
20020726,0.017077
20020729,0.054307
20020730,0.004327
20020731,0.009920
20020801,-0.029658
20020802,-0.022838
20020805,-0.034300
20020806,0.029969
20020807,0.020293
20020808,0.032876
20020809,0.003703
20020812,-0.005184
20020813,-0.021696
20020814,0.040437
20020815,0.011664
20020816,-0.001583
20020819,0.023686
20020820,-0.013976
20020821,0.012840
20020822,0.014268
20020823,-0.022789
20020826,0.007781
20020827,-0.013999
20020828,-0.018013
20020829,-0.000033
20020830,-0.001847
20020903,-0.041685
20020904,0.017916
20020905,-0.015934
20020906,0.016837
20020909,0.010296
20020910,0.007358
20020911,0.000052
20020912,-0.024614
20020913,0.003234
20020916,0.001572
20020917,-0.019903
20020918,-0.004449
20020919,-0.030240
20020920,0.002421
20020923,-0.013856
20020924,-0.017242
20020925,0.025197
20020926,0.018286
20020927,-0.032400
20020930,-0.014676
20021001,0.040142
20021002,-0.023463
20021003,-0.010939
20021004,-0.022356
20021007,-0.018998
20021008,0.017385
20021009,-0.027320
20021010,0.035139
20021011,0.039184
20021014,0.007451
20021015,0.047306
20021016,-0.023981
20021017,0.022417
20021018,0.005950
20021021,0.017300
20021022,-0.010559
20021023,0.006710
20021024,-0.015268
20021025,0.017164
20021028,-0.008141
20021029,-0.008896
20021030,0.009984
20021031,-0.005451
20021101,0.017241
20021104,0.008064
20021105,0.007853
20021106,0.009268
20021107,-0.022657
20021108,-0.008776
20021111,-0.020847
20021112,0.007818
20021113,-0.000251
20021114,0.024892
20021115,0.006208
20021118,-0.010388
20021119,-0.003942
20021120,0.019632
20021121,0.021612
20021122,-0.003658
20021125,0.002631
20021126,-0.020650
20021127,0.028154
20021129,-0.002801
20021202,-0.001923
20021203,-0.014582
20021204,-0.003214
20021205,-0.012100
20021206,0.006233
20021209,-0.022088
20021210,0.014090
20021211,0.000761
20021212,-0.003809
20021213,-0.013341
20021216,0.023527
20021217,-0.008152
20021218,-0.013111
20021219,-0.007509
20021220,0.013063
20021223,0.001769
20021224,-0.005496
20021226,-0.003133
20021227,-0.015639
20021230,0.004597
20021231,0.000696
20030102,0.033246
20030103,-0.000367
20030106,0.022472
20030107,-0.006533
20030108,-0.013812
20030109,0.019380
20030110,-0.000159
20030113,-0.001301
20030114,0.005722
20030115,-0.014373
20030116,-0.003915
20030117,-0.013969
20030121,-0.015645
20030122,-0.010349
20030123,0.009972
20030124,-0.029159
20030127,-0.016181
20030128,0.012975
20030129,0.006993
20030130,-0.022557
20030131,0.013113
20030203,0.005461
20030204,-0.013943
20030205,-0.005392
20030206,-0.006321
20030207,-0.009932
20030210,0.007597
20030211,-0.008036
20030212,-0.012230
20030213,-0.001520
20030214,0.021282
20030218,0.019581
20030219,-0.006785
20030220,-0.009393
20030221,0.013112
20030224,-0.018206
20030225,0.007138
20030226,-0.012801
20030227,0.011728
20030228,0.004509
20030303,-0.007534
20030304,-0.015318
20030305,0.009855
20030306,-0.009021
20030307,0.008279
20030310,-0.025728
20030311,-0.008296
20030312,0.004763
20030313,0.034451
20030314,0.001537
20030317,0.035568
20030318,0.004350
20030319,0.008761
20030320,0.002012
20030321,0.023012
20030324,-0.035073
20030325,0.012110
20030326,-0.005364
20030327,-0.001528
20030328,-0.005695
20030331,-0.017780
20030401,0.012179
20030402,0.026384
20030403,-0.005007
20030404,0.002644
20030407,0.001289
20030408,-0.001538
20030409,-0.013950
20030410,0.006378
20030411,-0.003608
20030414,0.019493
20030415,0.006465
20030416,-0.012190
20030417,0.015607
20030421,-0.001818
20030422,0.021682
20030423,0.008705
20030424,-0.008316
20030425,-0.013862
20030428,0.018076
20030429,0.003350
20030430,-0.000962
20030501,-0.000452
20030502,0.015234
20030505,-0.003538
20030506,0.008504
20030507,-0.005106
20030508,-0.009991
20030509,0.014479
20030512,0.012629
20030513,-0.002764
20030514,-0.002883
20030515,0.007774
20030516,-0.002362
20030519,-0.024943
20030520,-0.001140
20030521,0.004004
20030522,0.009243
20030523,0.001544
20030527,0.019697
20030528,0.002053
20030529,-0.003851
20030530,0.014925
20030602,0.003332
20030603,0.004840
20030604,0.015265
20030605,0.004117
20030606,-0.002472
20030609,-0.011825
20030610,0.009157
20030611,0.013183
20030612,0.000975
20030613,-0.010008
20030616,0.022413
20030617,0.001095
20030618,-0.001437
20030619,-0.015104
20030620,0.001001
20030623,-0.014234
20030624,0.001990
20030625,-0.008161
20030626,0.010949
20030627,-0.009802
20030630,-0.001559
20030701,0.008154
20030702,0.011611
20030703,-0.007889
20030707,0.018744
20030708,0.003558
20030709,-0.005333
20030710,-0.013370
20030711,0.009603
20030714,0.006048
20030715,-0.003806
20030716,-0.006115
20030717,-0.012320
20030718,0.011728
20030721,-0.014638
20030722,0.009655
20030723,0.000771
20030724,-0.007269
20030725,0.017468
20030728,-0.002175
20030729,-0.007285
20030730,-0.001563
20030731,0.003175
20030801,-0.010252
20030804,0.002728
20030805,-0.017644
20030806,0.001924
20030807,0.007343
20030808,0.003572
20030811,0.003208
20030812,0.010111
20030813,-0.006115
20030814,0.006488
20030815,0.000418
20030818,0.009330
20030819,0.002735
20030820,-0.002009
20030821,0.003015
20030822,-0.010190
20030825,0.000658
20030826,0.002993
20030827,0.000334
20030828,0.006119
20030829,0.005270
20030902,0.013941
20030903,0.004405
20030904,0.001619
20030905,-0.006311
20030908,0.010195
20030909,-0.008490
20030910,-0.011686
20030911,0.005713
20030912,0.002236
20030915,-0.003640
20030916,0.014114
20030917,-0.003231
20030918,0.013328
20030919,-0.002951
20030922,-0.013256
20030923,0.005983
20030924,-0.018881
20030925,-0.005729
20030926,-0.006390
20030929,0.009571
20030930,-0.010382
20031001,0.022056
20031002,0.002432
20031003,0.009290
20031006,0.004461
20031007,0.004694
20031008,-0.004692
20031009,0.004844
20031010,-0.000769
20031013,0.006812
20031014,0.003898
20031015,-0.002594
20031016,0.003124
20031017,-0.010132
20031020,0.005171
20031021,0.001332
20031022,-0.014800
20031023,0.003225
20031024,-0.004808
20031027,0.002041
20031028,0.015162
20031029,0.001575
20031030,-0.000914
20031031,0.003390
20031103,0.008194
20031104,-0.005461
20031105,-0.001016
20031106,0.005769
20031107,-0.004391
20031110,-0.005751
20031111,-0.000464
20031112,0.011811
20031113,-0.000040
20031114,-0.007441
20031117,-0.006666
20031118,-0.008659
20031119,0.008253
20031120,-0.008429
20031121,0.001325
20031124,0.015991
20031125,0.002153
20031126,0.004292
20031128,0.000257
20031201,0.010864
20031202,-0.003141
20031203,-0.001255
20031204,0.004582
20031205,-0.007591
20031208,0.006946
20031209,-0.008243
20031210,-0.000868
20031211,0.011753
20031212,0.002678
20031215,-0.005515
20031216,0.006368
20031217,0.001538
20031218,0.012038
20031219,-0.000488
20031222,0.003851
20031223,0.002831
20031224,-0.001779
20031226,0.001659
20031229,0.012699
20031230,0.000058
20031231,0.001977
20040102,-0.002718
20040105,0.012364
20040106,0.001528
20040107,0.002585
20040108,0.004679
20040109,-0.008475
20040112,0.004793
20040113,-0.005393
20040114,0.008278
20040115,0.001495
20040116,0.006694
20040120,-0.000525
20040121,0.007649
20040122,-0.003036
20040123,-0.002351
20040126,0.012178
20040127,-0.009621
20040128,-0.013277
20040129,0.005016
20040130,-0.002478
20040202,0.003640
20040203,0.000614
20040204,-0.008127
20040205,0.002054
20040206,0.012433
20040209,-0.002286
20040210,0.004840
20040211,0.011368
20040212,-0.004601
20040213,-0.005269
20040217,0.009678
20040218,-0.004407
20040219,-0.003957
20040220,-0.002500
20040223,-0.002870
20040224,-0.001514
20040225,0.004260
20040226,0.001237
20040227,-0.000023
20040301,0.009762
20040302,-0.005752
20040303,0.001919
20040304,0.003157
20040305,0.001926
20040308,-0.008260
20040309,-0.005721
20040310,-0.014679
20040311,-0.014918
20040312,0.012322
20040315,-0.014230
20040316,0.005730
20040317,0.011729
20040318,-0.001203
20040319,-0.011200
20040322,-0.013048
20040323,-0.001156
20040324,-0.002434
20040325,0.016205
20040326,-0.000815
20040329,0.013132
20040330,0.004023
20040331,-0.000659
20040401,0.005424
20040402,0.008512
20040405,0.007584
20040406,-0.001835
20040407,-0.006451
20040408,-0.001078
20040412,0.005075
20040413,-0.013717
20040414,-0.001355
20040415,0.000772
20040416,0.005128
20040419,0.000979
20040420,-0.015488
20040421,0.005400
20040422,0.014153
20040423,0.000457
20040426,-0.004327
20040427,0.002277
20040428,-0.013860
20040429,-0.007203
20040430,-0.005701
20040503,0.009065
20040504,0.001954
20040505,0.001962
20040506,-0.006614
20040507,-0.013799
20040510,-0.010450
20040511,0.007734
20040512,0.002160
20040513,-0.000728
20040514,-0.000652
20040517,-0.010458
20040518,0.006922
20040519,-0.002406
20040520,0.000429
20040521,0.004089
20040524,0.001645
20040525,0.016007
20040526,0.001853
20040527,0.005851
20040528,-0.000495
20040601,0.000453
20040602,0.003755
20040603,-0.007405
20040604,0.005301
20040607,0.015999
20040608,0.001497
20040609,-0.009407
20040610,0.004535
20040614,-0.009595
20040615,0.006175
20040616,0.001322
20040617,-0.001251
20040618,0.002568
20040621,-0.004012
20040622,0.003691
20040623,0.008492
20040624,-0.002716
20040625,-0.004353
20040628,-0.002032
20040629,0.002597
20040630,0.004081
20040701,-0.010314
20040702,-0.003150
20040706,-0.008059
20040707,0.002064
20040708,-0.008176
20040709,0.003360
20040712,0.001347
20040713,0.000891
20040714,-0.003252
20040715,-0.004479
20040716,-0.004617
20040719,-0.000583
20040720,0.007021
20040721,-0.013014
20040722,0.002476
20040723,-0.009586
20040726,-0.001908
20040727,0.009859
20040728,0.000861
20040729,0.004932
20040730,0.001215
20040802,0.004189
20040803,-0.006303
20040804,-0.000739
20040805,-0.016296
20040806,-0.015405
20040809,0.001230
20040810,0.012917
20040811,-0.002377
20040812,-0.011584
20040813,0.001654
20040816,0.013586
20040817,0.002233
20040818,0.012678
20040819,-0.003601
20040820,0.006546
20040823,-0.002431
20040824,0.000513
20040825,0.008058
20040826,0.000099
20040827,0.002605
20040830,-0.007672
20040831,0.004626
20040901,0.001866
20040902,0.011267
20040903,-0.004149
20040907,0.006902
20040908,-0.004320
20040909,0.001967
20040910,0.004951
20040913,0.001872
20040914,0.002343
20040915,-0.007050
20040916,0.002814
20040917,0.004516
20040920,-0.005686
20040921,0.006354
20040922,-0.013820
20040923,-0.004464
20040924,0.001552
20040927,-0.006009
20040928,0.006142
20040929,0.004333
20040930,-0.000249
20041001,0.015042
20041004,0.003450
20041005,-0.000651
20041006,0.007019
20041007,-0.009879
20041008,-0.007454
20041011,0.001978
20041012,-0.002340
20041013,-0.007265
20041014,-0.009290
20041015,0.004392
20041018,0.005151
20041019,-0.009663
20041020,0.000547
20041021,0.002661
20041022,-0.009728
20041025,-0.000867
20041026,0.014720
20041027,0.013171
20041028,0.001992
20041029,0.002484
20041101,0.000382
20041102,0.000100
20041103,0.011265
20041104,0.016264
20041105,0.003980
20041108,-0.001069
20041109,-0.000257
20041110,-0.000856
20041111,0.009059
20041112,0.008980
20041115,0.000014
20041116,-0.006985
20041117,0.005632
20041118,0.001300
20041119,-0.011029
20041122,0.005811
20041123,-0.000215
20041124,0.004204
20041126,0.000820
20041129,-0.003267
20041130,-0.003930
20041201,0.015123
20041202,-0.000894
20041203,0.000744
20041206,-0.000699
20041207,-0.010808
20041208,0.004761
20041209,0.005408
20041210,-0.001076
20041213,0.009072
20041214,0.003944
20041215,0.002063
20041216,-0.002021
20041217,-0.007143
20041220,0.000029
20041221,0.009052
20041222,0.003746
20041223,0.000530
20041227,-0.004327
20041228,0.007054
20041229,0.000177
20041230,0.000114
20041231,-0.001332
20050103,-0.008183
20050104,-0.011433
20050105,-0.003554
20050106,0.003732
20050107,-0.001434
20050110,0.003391
20050111,-0.006016
20050112,0.004448
20050113,-0.008636
20050114,0.006056
20050118,0.009760
20050119,-0.009411
20050120,-0.007726
20050121,-0.006536
20050124,-0.003465
20050125,0.003904
20050126,0.004918
20050127,0.000607
20050128,-0.002654
20050131,0.008530
20050201,0.006962
20050202,0.003312
20050203,-0.002412
20050204,0.011111
20050207,-0.001094
20050208,0.000797
20050209,-0.008406
20050210,0.004295
20050211,0.007176
20050214,0.000858
20050215,0.003244
20050216,0.000143
20050217,-0.007787
20050218,0.000722
20050222,-0.014434
20050223,0.005704
20050224,0.008175
20050225,0.009481
20050228,-0.006486
20050301,0.005575
20050302,0.000169
20050303,0.000380
20050304,0.009669
20050307,0.002533
20050308,-0.004759
20050309,-0.009975
20050310,0.001724
20050311,-0.007113
20050314,0.005530
20050315,-0.007464
20050316,-0.007990
20050317,0.001737
20050318,-0.000502
20050321,-0.004879
20050322,-0.010080
20050323,0.000719
20050324,-0.000851
20050328,0.002432
20050329,-0.007431
20050330,0.013874
20050331,-0.000626
20050401,-0.006551
20050404,0.003059
20050405,0.004415
20050406,0.002461
20050407,0.005962
20050408,-0.008262
20050411,-0.000000
20050412,0.005602
20050413,-0.011597
20050414,-0.009979
20050415,-0.016666
20050418,0.002891
20050419,0.006010
20050420,-0.013100
20050421,0.019396
20050422,-0.006543
20050425,0.008570
20050426,-0.008713
20050427,0.004134
20050428,-0.011232
20050429,0.011924
20050502,0.004631
20050503,-0.000665
20050504,0.012439
20050505,-0.002367
20050506,-0.001131
20050509,0.006458
20050510,-0.010715
20050511,0.004677
20050512,-0.010012
20050513,-0.004432
20050516,0.010269
20050517,0.006984
20050518,0.010300
20050519,0.004722
20050520,-0.001613
20050523,0.003976
20050524,0.000168
20050525,-0.003358
20050526,0.006507
20050527,0.001139
20050531,-0.006018
20050601,0.009253
20050602,0.001899
20050603,-0.006863
20050606,0.001293
20050607,-0.000229
20050608,-0.002030
20050609,0.005391
20050610,-0.002336
20050613,0.002484
20050614,0.002762
20050615,0.002341
20050616,0.003619
20050617,0.004866
20050620,-0.000713
20050621,-0.002065
20050622,0.000284
20050623,-0.010609
20050624,-0.007590
20050627,-0.000732
20050628,0.009353
20050629,-0.001211
20050630,-0.007188
20050701,0.002837
20050705,0.009006
20050706,-0.008072
20050707,0.002497
20050708,0.011644
20050711,0.006320
20050712,0.002328
20050713,0.000997
20050714,0.002641
20050715,0.001158
20050718,-0.005506
20050719,0.006830
20050720,0.004730
20050721,-0.006551
20050722,0.005308
20050725,-0.003734
20050726,0.001625
20050727,0.004746
20050728,0.005865
20050729,-0.007682
20050801,0.000921
20050802,0.007203
20050803,0.000961
20050804,-0.007454
20050805,-0.007581
20050808,-0.002690
20050809,0.006739
20050810,-0.001457
20050811,0.007087
20050812,-0.005901
20050815,0.002988
20050816,-0.011863
20050817,0.000947
20050818,-0.000896
20050819,0.000645
20050822,0.001575
20050823,-0.003400
20050824,-0.006496
20050825,0.002298
20050826,-0.005893
20050829,0.006146
20050830,-0.003062
20050831,0.010118
20050901,0.001168
20050902,-0.002892
20050906,0.012683
20050907,0.002605
20050908,-0.003834
20050909,0.007993
20050912,-0.000658
20050913,-0.007329
20050914,-0.003321
20050915,0.000424
20050916,0.008104
20050919,-0.005403
20050920,-0.007778
20050921,-0.009393
20050922,0.003907
20050923,0.000566
20050926,0.000305
20050927,0.000079
20050928,0.001166
20050929,0.008925
20050930,0.001059
20051003,-0.001686
20051004,-0.009810
20051005,-0.014432
20051006,-0.004147
20051007,0.003787
20051010,-0.007140
20051011,-0.001928
20051012,-0.005934
20051013,-0.000623
20051014,0.008247
20051017,0.003047
20051018,-0.009960
20051019,0.015020
20051020,-0.015011
20051021,0.001616
20051024,0.016779
20051025,-0.002479
20051026,-0.004176
20051027,-0.010418
20051028,0.016580
20051031,0.007511
20051101,-0.003382
20051102,0.010144
20051103,0.004592
20051104,0.000277
20051107,0.002369
20051108,-0.002964
20051109,0.001656
20051110,0.008832
20051111,0.003027
20051114,-0.000716
20051115,-0.003739
20051116,0.002052
20051117,0.009395
20051118,0.004443
20051121,0.005291
20051122,0.005053
20051123,0.003624
20051125,0.002014
20051128,-0.008404
20051129,0.000076
20051130,-0.006012
20051201,0.012035
20051202,0.000414
20051205,-0.002464
20051206,0.001262
20051207,-0.004769
20051208,-0.001017
20051209,0.002859
20051212,0.001008
20051213,0.005631
20051214,0.004246
20051215,-0.001405
20051216,-0.002829
20051219,-0.005893
20051220,-0.000320
20051221,0.002485
20051222,0.004371
20051223,0.000513
20051227,-0.009530
20051228,0.001441
20051229,-0.002898
20051230,-0.004988
20060103,0.016342
20060104,0.003929
20060105,0.000030
20060106,0.009558
20060109,0.003710
20060110,-0.000341
20060111,0.003636
20060112,-0.006328
20060113,0.001146
20060117,-0.003728
20060118,-0.003854
20060119,0.005627
20060120,-0.018241
20060123,0.001950
20060124,0.002344
20060125,-0.001664
20060126,0.007310
20060127,0.007845
20060130,0.001335
20060131,-0.004011
20060201,0.001960
20060202,-0.008613
20060203,-0.005509
20060206,0.000660
20060207,-0.008058
20060208,0.009058
20060209,-0.001368
20060210,0.002512
20060213,-0.003194
20060214,0.010232
20060215,0.003883
20060216,0.007384
20060217,-0.001742
20060221,-0.003292
20060222,0.007578
20060223,-0.003420
20060224,0.001314
20060227,0.003840
20060228,-0.010478
20060301,0.008457
20060302,-0.001631
20060303,-0.001352
20060306,-0.006979
20060307,-0.001836
20060308,0.002283
20060309,-0.004849
20060310,0.007390
20060313,0.002234
20060314,0.010363
20060315,0.004471
20060316,0.002011
20060317,0.001535
20060320,-0.001426
20060321,-0.006015
20060322,0.005919
20060323,-0.002579
20060324,0.000929
20060327,-0.001102
20060328,-0.006381
20060329,0.007607
20060330,-0.002015
20060331,-0.004060
20060403,0.002187
20060404,0.006185
20060405,0.004393
20060406,-0.001739
20060407,-0.010410
20060410,0.000812
20060411,-0.007571
20060412,0.001395
20060413,0.000549
20060417,-0.002936
20060418,0.017268
20060419,0.001975
20060420,0.001144
20060421,-0.000263
20060424,-0.002285
20060425,-0.004814
20060426,0.002912
20060427,0.003428
20060428,0.000130
20060501,-0.004030
20060502,0.006031
20060503,-0.003810
20060504,0.003361
20060505,0.010378
20060508,-0.000732
20060509,0.000369
20060510,-0.001231
20060511,-0.012812
20060512,-0.011258
20060515,0.002776
20060516,-0.001848
20060517,-0.016619
20060518,-0.006328
20060519,0.004042
20060522,-0.003819
20060523,-0.004235
20060524,0.001800
20060525,0.011691
20060526,0.005726
20060530,-0.015789
20060531,0.008296
20060601,0.012175
20060602,0.001792
20060605,-0.017655
20060606,-0.001243
20060607,-0.005803
20060608,0.001489
20060609,-0.004422
20060612,-0.012678
20060613,-0.009978
20060614,0.005326
20060615,0.021335
20060616,-0.003563
20060619,-0.008887
20060620,-0.000005
20060621,0.009863
20060622,-0.005087
20060623,-0.000932
20060626,0.004782
20060627,-0.009043
20060628,0.005639
20060629,0.021357
20060630,-0.001923
20060703,0.007765
20060705,-0.007198
20060706,0.002673
20060707,-0.006819
20060710,0.001586
20060711,0.004022
20060712,-0.010929
20060713,-0.013011
20060714,-0.005010
20060717,-0.001410
20060718,0.001943
20060719,0.018575
20060720,-0.008438
20060721,-0.006876
20060724,0.016571
20060725,0.006597
20060726,-0.000387
20060727,-0.004176
20060728,0.012279
20060731,-0.001446
20060801,-0.004591
20060802,0.006216
20060803,0.001721
20060804,-0.000530
20060807,-0.002774
20060808,-0.003224
20060809,-0.004192
20060810,0.004944
20060811,-0.003862
20060814,0.001336
20060815,0.013633
20060816,0.007743
20060817,0.001772
20060818,0.003713
20060821,-0.003634
20060822,0.000837
20060823,-0.004445
20060824,0.002327
20060825,-0.000648
20060828,0.005286
20060829,0.002227
20060830,0.000458
20060831,-0.000215
20060901,0.005495
20060905,0.001805
20060906,-0.009614
20060907,-0.004711
20060908,0.003973
20060911,0.000631
20060912,0.010463
20060913,0.004132
20060914,-0.001123
20060915,0.002670
20060918,0.000979
20060919,-0.002129
20060920,0.005368
20060921,-0.005158
20060922,-0.002552
20060925,0.008747
20060926,0.007516
20060927,0.000458
20060928,0.001996
20060929,-0.002545
20061002,-0.003403
20061003,0.002115
20061004,0.012186
20061005,0.002456
20061006,-0.002665
20061009,0.000847
20061010,0.002046
20061011,-0.002461
20061012,0.009524
20061013,0.002007
20061016,0.002565
20061017,-0.003709
20061018,0.001526
20061019,0.000659
20061020,0.001425
20061023,0.006463
20061024,0.000291
20061025,0.003275
20061026,0.005140
20061027,-0.008419
20061030,0.000386
20061031,-0.000015
20061101,-0.007139
20061102,-0.000248
20061103,-0.002315
20061106,0.011245
20061107,0.002231
20061108,0.002306
20061109,-0.005224
20061110,0.001826
20061113,0.002777
20061114,0.006538
20061115,0.002720
20061116,0.002256
20061117,0.000995
20061120,-0.000435
20061121,0.001679
20061122,0.002671
20061124,-0.003604
20061127,-0.013792
20061128,0.003569
20061129,0.009591
20061130,0.000785
20061201,-0.003007
20061204,0.009022
20061205,0.003997
20061206,-0.001066
20061207,-0.003949
20061208,0.001850
20061211,0.002274
20061212,-0.001092
20061213,0.001403
20061214,0.008789
20061215,0.001105
20061218,-0.003338
20061219,0.002107
20061220,-0.001365
20061221,-0.003446
20061222,-0.005147
20061226,0.004361
20061227,0.007192
20061228,-0.001451
20061229,-0.004457
20070103,-0.000564
20070104,0.001261
20070105,-0.006120
20070108,0.002546
20070109,-0.000375
20070110,0.002039
20070111,0.006529
20070112,0.004775
20070116,0.000817
20070117,-0.000864
20070118,-0.002971
20070119,0.002904
20070122,-0.005187
20070123,0.003398
20070124,0.008468
20070125,-0.011027
20070126,-0.001189
20070129,-0.001004
20070130,0.005686
20070131,0.006774
20070201,0.005568
20070202,0.001682
20070205,-0.000834
20070206,0.000685
20070207,0.001834
20070208,-0.001081
20070209,-0.006948
20070212,-0.003257
20070213,0.007643
20070214,0.007753
20070215,0.001291
20070216,-0.000821
20070220,0.003142
20070221,-0.001342
20070222,-0.000633
20070223,-0.003514
20070226,-0.001029
20070227,-0.034485
20070228,0.005525
20070301,-0.002440
20070302,-0.011395
20070305,-0.009372
20070306,0.015521
20070307,-0.002256
20070308,0.007116
20070309,0.000661
20070312,0.002718
20070313,-0.020177
20070314,0.006684
20070315,0.003798
20070316,-0.003768
20070319,0.010897
20070320,0.006342
20070321,0.017155
20070322,-0.000291
20070323,0.001041
20070326,0.000892
20070327,-0.006174
20070328,-0.007799
20070329,0.003753
20070330,-0.001100
20070402,0.002639
20070403,0.009583
20070404,0.001116
20070405,0.003259
20070409,0.000647
20070410,0.002507
20070411,-0.006686
20070412,0.006138
20070413,0.003390
20070416,0.010951
20070417,0.002094
20070418,0.000639
20070419,-0.001267
20070420,0.009388
20070423,-0.002352
20070424,-0.000419
20070425,0.010188
20070426,-0.000542
20070427,-0.000027
20070430,-0.007830
20070501,0.002661
20070502,0.006539
20070503,0.004588
20070504,0.002098
20070507,0.002619
20070508,-0.001141
20070509,0.003426
20070510,-0.013742
20070511,0.009678
20070514,-0.001727
20070515,-0.001277
20070516,0.008796
20070517,-0.000852
20070518,0.006584
20070521,0.001498
20070522,-0.000637
20070523,-0.001249
20070524,-0.009527
20070525,0.005485
20070529,0.001739
20070530,0.008322
20070531,0.000319
20070601,0.003901
20070604,0.002140
20070605,-0.005426
20070606,-0.008570
20070607,-0.017533
20070608,0.011377
20070611,0.000883
20070612,-0.010667
20070613,0.015382
20070614,0.004732
20070615,0.006464
20070618,-0.001188
20070619,0.001676
20070620,-0.013529
20070621,0.006269
20070622,-0.012753
20070625,-0.003234
20070626,-0.003169
20070627,0.009234
20070628,-0.000429
20070629,-0.001595
20070702,0.010805
20070703,0.003776
20070705,0.000333
20070706,0.003705
20070709,0.000926
20070710,-0.014280
20070711,0.005829
20070712,0.019051
20070713,0.003154
20070716,-0.001888
20070717,-0.000097
20070718,-0.002109
20070719,0.004601
20070720,-0.012254
20070723,0.004819
20070724,-0.019564
20070725,0.004563
20070726,-0.023315
20070727,-0.015889
20070730,0.010091
20070731,-0.012557
20070801,0.007326
20070802,0.004757
20070803,-0.026444
20070806,0.024111
20070807,0.006064
20070808,0.014572
20070809,-0.029118
20070810,0.000010
20070813,-0.000311
20070814,-0.018291
20070815,-0.013532
20070816,0.003333
20070817,0.024410
20070820,-0.000262
20070821,0.001135
20070822,0.011771
20070823,-0.001222
20070824,0.011753
20070827,-0.008455
20070828,-0.023371
20070829,0.022193
20070830,-0.004180
20070831,0.011208
20070904,0.010443
20070905,-0.011057
20070906,0.004379
20070907,-0.016838
20070910,-0.001328
20070911,0.013675
20070912,0.000287
20070913,0.008455
20070914,0.000331
20070917,-0.005169
20070918,0.029183
20070919,0.006238
20070920,-0.006498
20070921,0.004666
20070924,-0.005194
20070925,-0.000402
20070926,0.005507
20070927,0.003962
20070928,-0.002974
20071001,0.013262
20071002,-0.000090
20071003,-0.004280
20071004,0.002152
20071005,0.009830
20071008,-0.003065
20071009,0.008080
20071010,-0.001538
20071011,-0.005054
20071012,0.004717
20071015,-0.008458
20071016,-0.006580
20071017,0.001907
20071018,-0.000700
20071019,-0.025577
20071022,0.003966
20071023,0.008696
20071024,-0.002509
20071025,-0.000747
20071026,0.013967
20071029,0.003904
20071030,-0.006263
20071031,0.012031
20071101,-0.026073
20071102,0.000880
20071105,-0.004966
20071106,0.012033
20071107,-0.028600
20071108,-0.000801
20071109,-0.014318
20071112,-0.009815
20071113,0.029566
20071114,-0.006765
20071115,-0.012991
20071116,0.005201
20071119,-0.017350
20071120,0.004562
20071121,-0.015780
20071123,0.016915
20071126,-0.022845
20071127,0.014739
20071128,0.028870
20071129,0.000460
20071130,0.007727
20071203,-0.005862
20071204,-0.006331
20071205,0.016040
20071206,0.015108
20071207,-0.001808
20071210,0.007554
20071211,-0.025225
20071212,0.006178
20071213,0.001339
20071214,-0.013670
20071217,-0.014936
20071218,0.006300
20071219,-0.001252
20071220,0.005175
20071221,0.016818
20071224,0.008130
20071226,0.000699
20071227,-0.013925
20071228,0.001500
20071231,-0.006913
20080102,-0.014101
20080103,0.000023
20080104,-0.024441
20080107,0.003272
20080108,-0.017673
20080109,0.013316
20080110,0.007985
20080111,-0.013669
20080114,0.010698
20080115,-0.024854
20080116,-0.005303
20080117,-0.028556
20080118,-0.006033
20080122,-0.010822
20080123,0.021236
20080124,0.009971
20080125,-0.015847
20080128,0.017471
20080129,0.006035
20080130,-0.004937
20080131,0.015601
20080201,0.013630
20080204,-0.010493
20080205,-0.031705
20080206,-0.007300
20080207,0.008207
20080208,-0.004224
20080211,0.006015
20080212,0.007298
20080213,0.013863
20080214,-0.013525
20080215,0.000772
20080219,-0.000976
20080220,0.008412
20080221,-0.012440
20080222,0.007870
20080225,0.013771
20080226,0.007119
20080227,-0.000776
20080228,-0.008876
20080229,-0.026967
20080303,0.000476
20080304,-0.003316
20080305,0.005590
20080306,-0.021705
20080307,-0.008193
20080310,-0.015371
20080311,0.037144
20080312,-0.008508
20080313,0.005206
20080314,-0.020563
20080317,-0.009003
20080318,0.042220
20080319,-0.023939
20080320,0.024392
20080324,0.015094
20080325,0.002309
20080326,-0.008732
20080327,-0.011302
20080328,-0.007949
20080331,0.005616
20080401,0.035878
20080402,-0.001677
20080403,0.001268
20080404,0.000764
20080407,0.001513
20080408,-0.004715
20080409,-0.007899
20080410,0.004569
20080411,-0.020155
20080414,-0.003200
20080415,0.004797
20080416,0.022642
20080417,0.000673
20080418,0.017938
20080421,-0.001447
20080422,-0.008698
20080423,0.003079
20080424,0.006420
20080425,0.006094
20080428,-0.001158
20080429,-0.003706
20080430,-0.004070
20080501,0.017263
20080502,0.003031
20080505,-0.004496
20080506,0.007543
20080507,-0.017481
20080508,0.003668
20080509,-0.006376
20080512,0.011258
20080513,-0.000318
20080514,0.004261
20080515,0.010659
20080516,0.001171
20080519,0.000893
20080520,-0.009346
20080521,-0.016013
20080522,0.002939
20080523,-0.013030
20080527,0.006962
20080528,0.004128
20080529,0.005490
20080530,0.001511
20080602,-0.010524
20080603,-0.005598
20080604,0.000215
20080605,0.019662
20080606,-0.030672
20080609,0.000949
20080610,-0.002208
20080611,-0.016778
20080612,0.003623
20080613,0.015005
20080616,0.000123
20080617,-0.006806
20080618,-0.009685
20080619,0.004087
20080620,-0.018584
20080623,0.000079
20080624,-0.002672
20080625,0.006073
20080626,-0.028951
20080627,-0.003753
20080630,0.001144
20080701,0.004101
20080702,-0.017992
20080703,0.001075
20080707,-0.008092
20080708,0.017643
20080709,-0.022656
20080710,0.007102
20080711,-0.010979
20080714,-0.008835
20080715,-0.010527
20080716,0.025064
20080717,0.011808
20080718,-0.000099
20080721,-0.000663
20080722,0.013658
20080723,0.003984
20080724,-0.022925
20080725,0.004255
20080728,-0.018448
20080729,0.023487
20080730,0.016534
20080731,-0.012839
20080801,-0.005623
20080804,-0.008737
20080805,0.028818
20080806,0.004060
20080807,-0.018041
20080808,0.023915
20080811,0.007276
20080812,-0.011639
20080813,-0.002780
20080814,0.005535
20080815,0.004286
20080818,-0.014872
20080819,-0.009214
20080820,0.006187
20080821,0.002490
20080822,0.011538
20080825,-0.019459
20080826,0.003619
20080827,0.008053
20080828,0.014869
20080829,-0.013721
20080902,-0.003892
20080903,-0.001604
20080904,-0.029620
20080905,0.004572
20080908,0.020415
20080909,-0.033590
20080910,0.006030
20080911,0.014305
20080912,0.001924
20080915,-0.046417
20080916,0.017108
20080917,-0.047027
20080918,0.042867
20080919,0.040156
20080922,-0.037926
20080923,-0.015318
20080924,-0.001766
20080925,0.019586
20080926,0.003484
20080929,-0.087087
20080930,0.053987
20081001,-0.004515
20081002,-0.039694
20081003,-0.013309
20081006,-0.037788
20081007,-0.058158
20081008,-0.010852
20081009,-0.075734
20081010,-0.011174
20081013,0.115129
20081014,-0.006052
20081015,-0.089963
20081016,0.043349
20081017,-0.006221
20081020,0.047039
20081021,-0.030627
20081022,-0.059076
20081023,0.010965
20081024,-0.034157
20081027,-0.031779
20081028,0.107240
20081029,-0.011463
20081030,0.027035
20081031,0.015319
20081103,-0.002754
20081104,0.040260
20081105,-0.051925
20081106,-0.049460
20081107,0.029011
20081110,-0.012278
20081111,-0.021958
20081112,-0.051133
20081113,0.068893
20081114,-0.041756
20081117,-0.025816
20081118,0.010164
20081119,-0.060607
20081120,-0.065964
20081121,0.063255
20081124,0.063418
20081125,0.006564
20081126,0.035613
20081128,0.009108
20081201,-0.088632
20081202,0.039422
20081203,0.026509
20081204,-0.028669
20081205,0.037059
20081208,0.037990
20081209,-0.022993
20081210,0.011764
20081211,-0.028225
20081212,0.007138
20081215,-0.012723
20081216,0.051000
20081217,-0.009406
20081218,-0.020668
20081219,0.003024
20081222,-0.017844
20081223,-0.009531
20081224,0.006205
20081226,0.005217
20081229,-0.003810
20081230,0.024398
20081231,0.014131
20090102,0.031761
20090105,-0.004636
20090106,0.007638
20090107,-0.029294
20090108,0.002718
20090109,-0.020917
20090112,-0.022315
20090113,0.002039
20090114,-0.033126
20090115,0.001564
20090116,0.007781
20090120,-0.052247
20090121,0.042629
20090122,-0.015311
20090123,0.005171
20090126,0.005588
20090127,0.010901
20090128,0.033121
20090129,-0.032553
20090130,-0.022669
20090202,-0.000561
20090203,0.016112
20090204,-0.006878
20090205,0.016832
20090206,0.027222
20090209,0.001328
20090210,-0.048566
20090211,0.008565
20090212,0.002087
20090213,-0.010061
20090217,-0.044385
20090218,-0.000199
20090219,-0.011210
20090220,-0.010918
20090223,-0.034620
20090224,0.039571
20090225,-0.010665
20090226,-0.015826
20090227,-0.022813
20090302,-0.046123
20090303,-0.006363
20090304,0.023934
20090305,-0.041599
20090306,0.001256
20090309,-0.009898
20090310,0.062793
20090311,0.002968
20090312,0.040657
20090313,0.007563
20090316,-0.003904
20090317,0.032028
20090318,0.020635
20090319,-0.012424
20090320,-0.019346
20090323,0.070330
20090324,-0.018541
20090325,0.007886
20090326,0.023394
20090327,-0.019026
20090330,-0.035222
20090331,0.013143
20090401,0.016712
20090402,0.028540
20090403,0.009786
20090406,-0.008214
20090407,-0.023262
20090408,0.011775
20090409,0.037105
20090413,0.002745
20090414,-0.019820
20090415,0.012109
20090416,0.015556
20090417,0.004765
20090420,-0.042135
20090421,0.020999
20090422,-0.007495
20090423,0.010041
20090424,0.016580
20090427,-0.009890
20090428,-0.002899
20090429,0.021661
20090430,-0.000906
20090501,0.004942
20090504,0.033089
20090505,-0.003355
20090506,0.017047
20090507,-0.013200
20090508,0.023641
20090511,-0.020491
20090512,-0.000724
20090513,-0.026245
20090514,0.010117
20090515,-0.011213
20090518,0.030394
20090519,-0.001501
20090520,-0.004993
20090521,-0.016312
20090522,-0.001219
20090526,0.026212
20090527,-0.018747
20090528,0.015331
20090529,0.013552
20090601,0.025957
20090602,0.001893
20090603,-0.013036
20090604,0.011331
20090605,-0.002298
20090608,-0.000884
20090609,0.003606
20090610,-0.003454
20090611,0.005926
20090612,0.001513
20090615,-0.023676
20090616,-0.012557
20090617,-0.001058
20090618,0.008390
20090619,0.003153
20090622,-0.029761
20090623,0.002037
20090624,0.006795
20090625,0.021370
20090626,-0.001578
20090629,0.008951
20090630,-0.008363
20090701,0.004366
20090702,-0.028866
20090706,0.002452
20090707,-0.019498
20090708,-0.000849
20090709,0.003317
20090710,-0.004008
20090713,0.024724
20090714,0.005305
20090715,0.029502
20090716,0.008569
20090717,-0.000444
20090720,0.011461
20090721,0.003641
20090722,-0.000315
20090723,0.022961
20090724,0.002755
20090727,0.002713
20090728,-0.002438
20090729,-0.004232
20090730,0.011931
20090731,0.000594
20090803,0.015215
20090804,0.002984
20090805,-0.002714
20090806,-0.005597
20090807,0.013266
20090810,-0.003304
20090811,-0.011987
20090812,0.011798
20090813,0.007025
20090814,-0.008445
20090817,-0.023926
20090818,0.010187
20090819,0.007059
20090820,0.010558
20090821,0.018416
20090824,-0.000583
20090825,0.002407
20090826,0.000290
20090827,0.002485
20090828,-0.001989
20090831,-0.007871
20090901,-0.021739
20090902,-0.003071
20090903,0.008764
20090904,0.012966
20090908,0.008913
20090909,0.007755
20090910,0.010279
20090911,-0.001161
20090914,0.006243
20090915,0.003038
20090916,0.015149
20090917,-0.002853
20090918,0.002624
20090921,-0.003233
20090922,0.006615
20090923,-0.010070
20090924,-0.009156
20090925,-0.006292
20090928,0.017754
20090929,-0.002220
20090930,-0.003401
20091001,-0.025416
20091002,-0.004416
20091005,0.014663
20091006,0.013690
20091007,0.003153
20091008,0.007513
20091009,0.005545
20091012,0.004357
20091013,-0.002409
20091014,0.017430
20091015,0.003970
20091016,-0.007959
20091019,0.009393
20091020,-0.006263
20091021,-0.008705
20091022,0.010585
20091023,-0.011542
20091026,-0.011538
20091027,-0.003531
20091028,-0.019478
20091029,0.022410
20091030,-0.027946
20091102,0.006402
20091103,0.002456
20091104,0.001330
20091105,0.019499
20091106,0.002607
20091109,0.022363
20091110,0.000229
20091111,0.005054
20091112,-0.009921
20091113,0.005801
20091116,0.014478
20091117,0.001241
20091118,-0.000216
20091119,-0.013166
20091120,-0.003328
20091123,0.013635
20091124,-0.000588
20091125,0.004628
20091127,-0.016980
20091130,0.003926
20091201,0.012002
20091202,0.000517
20091203,-0.008319
20091204,0.005461
20091207,-0.002519
20091208,-0.010203
20091209,0.003660
20091210,0.006023
20091211,0.003802
20091214,0.006696
20091215,-0.005645
20091216,0.000944
20091217,-0.011886
20091218,0.006278
20091221,0.010349
20091222,0.003565
20091223,0.002687
20091224,0.005245
20091228,0.001421
20091229,-0.001191
20091230,0.000206
20091231,-0.010167
20100104,0.015970
20100105,0.003066
20100106,0.000907
20100107,0.003898
20100108,0.002791
20100111,0.001724
20100112,-0.009159
20100113,0.008434
20100114,0.002369
20100115,-0.010708
20100119,0.012443
20100120,-0.010489
20100121,-0.018772
20100122,-0.021872
20100125,0.004539
20100126,-0.004003
20100127,0.004791
20100128,-0.011755
20100129,-0.009675
20100201,0.014002
20100202,0.012781
20100203,-0.004936
20100204,-0.031009
20100205,0.003003
20100208,-0.008497
20100209,0.012927
20100210,-0.002047
20100211,0.009736
20100212,-0.002560
20100216,0.018243
20100217,0.004566
20100218,0.006558
20100219,0.001968
20100222,-0.000985
20100223,-0.012151
20100224,0.009932
20100225,-0.001729
20100226,0.001370
20100301,0.010000
20100302,0.002319
20100303,0.000380
20100304,0.003904
20100305,0.013974
20100308,0.000172
20100309,0.001957
20100310,0.004814
20100311,0.004561
20100312,-0.000333
20100315,0.000609
20100316,0.007972
20100317,0.005804
20100318,-0.000355
20100319,-0.005298
20100322,0.005320
20100323,0.007378
20100324,-0.005490
20100325,-0.001429
20100326,0.000760
20100329,0.005651
20100330,0.000170
20100331,-0.003287
20100401,0.007302
20100405,0.008022
20100406,0.001781
20100407,-0.005259
20100408,0.003583
20100409,0.006607
20100412,0.001860
20100413,0.000747
20100414,0.011312
20100415,0.000686
20100416,-0.016104
20100419,0.004719
20100420,0.008129
20100421,-0.000906
20100422,0.002404
20100423,0.006917
20100426,-0.004458
20100427,-0.023270
20100428,0.006419
20100429,0.013003
20100430,-0.016708
20100503,0.012927
20100504,-0.023775
20100505,-0.006100
20100506,-0.032201
20100507,-0.015477
20100510,0.043619
20100511,-0.003092
20100512,0.014099
20100513,-0.012071
20100514,-0.018848
20100517,0.001267
20100518,-0.013955
20100519,-0.005121
20100520,-0.038569
20100521,0.014701
20100524,-0.012638
20100525,0.000262
20100526,-0.005595
20100527,0.033149
20100528,-0.012146
20100601,-0.017027
20100602,0.025802
20100603,0.004262
20100604,-0.034767
20100607,-0.013255
20100608,0.010932
20100609,-0.005700
20100610,0.029205
20100611,0.004718
20100614,-0.001693
20100615,0.023316
20100616,-0.000659
20100617,0.001307
20100618,0.001280
20100621,-0.003953
20100622,-0.015842
20100623,-0.002993
20100624,-0.016900
20100625,0.002986
20100628,-0.002106
20100629,-0.031166
20100630,-0.010013
20100701,-0.002911
20100702,-0.004509
20100706,0.005406
20100707,0.031502
20100708,0.009588
20100709,0.007205
20100712,0.000925
20100713,0.015524
20100714,-0.000110
20100715,0.001109
20100716,-0.028703
20100719,0.005974
20100720,0.011599
20100721,-0.012708
20100722,0.022421
20100723,0.008242
20100726,0.011116
20100727,-0.001083
20100728,-0.006875
20100729,-0.004041
20100730,0.000056
20100802,0.021847
20100803,-0.004813
20100804,0.006417
20100805,-0.001333
20100806,-0.003445
20100809,0.005515
20100810,-0.005970
20100811,-0.027435
20100812,-0.005483
20100813,-0.003902
20100816,0.000195
20100817,0.012525
20100818,0.001444
20100819,-0.016935
20100820,-0.003539
20100823,-0.003789
20100824,-0.014424
20100825,0.003523
20100826,-0.007759
20100827,0.016560
20100830,-0.014556
20100831,-0.000067
20100901,0.029898
20100902,0.009295
20100903,0.013217
20100907,-0.011149
20100908,0.006537
20100909,0.004791
20100910,0.004883
20100913,0.011574
20100914,-0.000482
20100915,0.003594
20100916,-0.000121
20100917,0.001005
20100920,0.015202
20100921,-0.002731
20100922,-0.004449
20100923,-0.008258
20100924,0.020923
20100927,-0.005518
20100928,0.005024
20100929,-0.002404
20100930,-0.003101
20101001,0.004450
20101004,-0.007918
20101005,0.020519
20101006,0.000064
20101007,-0.001618
20101008,0.006125
20101011,0.000207
20101012,0.003756
20101013,0.007272
20101014,-0.003865
20101015,0.002134
20101018,0.007368
20101019,-0.015835
20101020,0.010449
20101021,0.002000
20101022,0.002272
20101025,0.002280
20101026,0.000284
20101027,-0.002547
20101028,0.001307
20101029,-0.000142
20101101,0.000740
20101102,0.007736
20101103,0.003861
20101104,0.019330
20101105,0.003984
20101108,-0.002000
20101109,-0.007598
20101110,0.004364
20101111,-0.004139
20101112,-0.011796
20101115,-0.001374
20101116,-0.015729
20101117,0.000274
20101118,0.015284
20101119,0.002599
20101122,-0.001372
20101123,-0.014258
20101124,0.015003
20101126,-0.007258
20101129,-0.001085
20101130,-0.005854
20101201,0.021595
20101202,0.012844
20101203,0.002709
20101206,-0.001162
20101207,0.000655
20101208,0.003878
20101209,0.003980
20101210,0.006130
20101213,0.000224
20101214,0.001005
20101215,-0.004986
20101216,0.006158
20101217,0.001119
20101220,0.002346
20101221,0.006134
20101222,0.003422
20101223,-0.001591
20101227,0.000807
20101228,0.000765
20101229,0.001216
20101230,-0.001459
20101231,-0.000271
20110103,0.011325
20110104,-0.001236
20110105,0.005164
20110106,-0.001715
20110107,-0.001755
20110110,-0.001549
20110111,0.003829
20110112,0.009032
20110113,-0.001697
20110114,0.007206
20110118,0.001383
20110119,-0.009960
20110120,-0.001058
20110121,0.002205
20110124,0.005643
20110125,0.000400
20110126,0.004330
20110127,0.002442
20110128,-0.017916
20110131,0.007465
20110201,0.016542
20110202,-0.002470
20110203,0.002366
20110204,0.002751
20110207,0.006562
20110208,0.004593
20110209,-0.002730
20110210,0.000744
20110211,0.005651
20110214,0.002410
20110215,-0.003153
20110216,0.006311
20110217,0.003255
20110218,0.001846
20110222,-0.020693
20110223,-0.006134
20110224,-0.000795
20110225,0.010296
20110228,0.005120
20110301,-0.015713
20110302,0.002000
20110303,0.017027
20110304,-0.007280
20110307,-0.008307
20110308,0.009110
20110309,-0.001122
20110310,-0.018764
20110311,0.007394
20110314,-0.005894
20110315,-0.011073
20110316,-0.019374
20110317,0.012992
20110318,0.004214
20110321,0.015058
20110322,-0.003353
20110323,0.002916
20110324,0.009368
20110325,0.003189
20110328,-0.002774
20110329,0.007224
20110330,0.006720
20110331,-0.001745
20110401,0.004890
20110404,0.000419
20110405,0.000088
20110406,0.002602
20110407,-0.001498
20110408,-0.004034
20110411,-0.002773
20110412,-0.007576
20110413,0.000442
20110414,0.000048
20110415,0.003814
20110418,-0.011038
20110419,0.005612
20110420,0.013576
20110421,0.005122
20110425,-0.001708
20110426,0.008955
20110427,0.006536
20110428,0.003556
20110429,0.002302
20110502,-0.001740
20110503,-0.003341
20110504,-0.006527
20110505,-0.008979
20110506,0.003920
20110509,0.004444
20110510,0.008069
20110511,-0.010324
20110512,0.005203
20110513,-0.008049
20110516,-0.006157
20110517,-0.000167
20110518,0.008827
20110519,0.002355
20110520,-0.007732
20110523,-0.011920
20110524,-0.000953
20110525,0.003019
20110526,0.004271
20110527,0.004343
20110531,0.010535
20110601,-0.022642
20110602,-0.001226
20110603,-0.009755
20110606,-0.010634
20110607,-0.000794
20110608,-0.004053
20110609,0.007452
20110610,-0.013762
20110613,0.000999
20110614,0.012595
20110615,-0.017561
20110616,0.001957
20110617,0.003050
20110620,0.005522
20110621,0.013557
20110622,-0.006441
20110623,-0.002695
20110624,-0.011903
20110627,0.009232
20110628,0.013162
20110629,0.008388
20110630,0.010084
20110701,0.014493
20110705,-0.001209
20110706,0.001503
20110707,0.010678
20110708,-0.006843
20110711,-0.018032
20110712,-0.004430
20110713,0.003165
20110714,-0.006812
20110715,0.005592
20110718,-0.008152
20110719,0.016329
20110720,-0.000564
20110721,0.013494
20110722,0.000963
20110725,-0.005610
20110726,-0.003890
20110727,-0.020252
20110728,-0.003164
20110729,-0.006379
20110801,-0.004214
20110802,-0.025575
20110803,0.005456
20110804,-0.047724
20110805,-0.000673
20110808,-0.066532
20110809,0.047420
20110810,-0.043752
20110811,0.046185
20110812,0.005184
20110815,0.021687
20110816,-0.009120
20110817,0.001028
20110818,-0.044371
20110819,-0.014923
20110822,0.000358
20110823,0.034443
20110824,0.013181
20110825,-0.015560
20110826,0.015294
20110829,0.028404
20110830,0.002626
20110831,0.005100
20110901,-0.011889
20110902,-0.025100
20110906,-0.007280
20110907,0.029000
20110908,-0.010623
20110909,-0.026630
20110912,0.007052
20110913,0.009622
20110914,0.013544
20110915,0.017299
20110916,0.005780
20110919,-0.009721
20110920,-0.001807
20110921,-0.029176
20110922,-0.032018
20110923,0.006359
20110926,0.023156
20110927,0.010557
20110928,-0.020290
20110929,0.007898
20110930,-0.024876
20111003,-0.028377
20111004,0.022530
20111005,0.018252
20111006,0.018482
20111007,-0.007989
20111010,0.034093
20111011,0.000591
20111012,0.009968
20111013,-0.002927
20111014,0.017325
20111017,-0.019308
20111018,0.020517
20111019,-0.012532
20111020,0.004446
20111021,0.018774
20111024,0.013028
20111025,-0.020036
20111026,0.010239
20111027,0.034398
20111028,0.000422
20111031,-0.024819
20111101,-0.027867
20111102,0.016246
20111103,0.018892
20111104,-0.006251
20111107,0.006382
20111108,0.012425
20111109,-0.036672
20111110,0.008642
20111111,0.019601
20111114,-0.009364
20111115,0.004751
20111116,-0.016475
20111117,-0.016845
20111118,-0.000391
20111121,-0.018651
20111122,-0.004026
20111123,-0.021966
20111125,-0.002483
20111128,0.029210
20111129,0.002616
20111130,0.043306
20111201,-0.001804
20111202,-0.000335
20111205,0.010460
20111206,0.001126
20111207,0.002277
20111208,-0.021145
20111209,0.016952
20111212,-0.014884
20111213,-0.008641
20111214,-0.011194
20111215,0.003335
20111216,0.003289
20111219,-0.011844
20111220,0.029901
20111221,0.001647
20111222,0.008384
20111223,0.009031
20111227,-0.000069
20111228,-0.012235
20111229,0.010645
20111230,-0.004231
20120103,0.015377
20120104,0.000388
20120105,0.002898
20120106,-0.002191
20120109,0.002330
20120110,0.008934
20120111,0.000413
20120112,0.002413
20120113,-0.004854
20120117,0.003456
20120118,0.011388
20120119,0.005104
20120120,0.000790
20120123,0.000430
20120124,-0.000915
20120125,0.008514
20120126,-0.005659
20120127,-0.001511
20120130,-0.002354
20120131,-0.000399
20120201,0.009247
20120202,0.001258
20120203,0.014701
20120206,-0.000504
20120207,0.001982
20120208,0.002557
20120209,0.001659
20120210,-0.006980
20120213,0.006931
20120214,-0.000729
20120215,-0.005095
20120216,0.011271
20120217,0.002396
20120221,0.000416
20120222,-0.003431
20120223,0.004499
20120224,0.001959
20120227,0.001445
20120228,0.003637
20120229,-0.004445
20120301,0.006162
20120302,-0.003038
20120305,-0.003730
20120306,-0.015343
20120307,0.007335
20120308,0.009749
20120309,0.003565
20120312,0.000226
20120313,0.018365
20120314,-0.001188
20120315,0.006003
20120316,0.001059
20120319,0.003783
20120320,-0.002845
20120321,-0.001866
20120322,-0.007125
20120323,0.003121
20120326,0.013912
20120327,-0.002597
20120328,-0.004715
20120329,-0.001632
20120330,0.003730
20120402,0.007407
20120403,-0.003787
20120404,-0.010034
20120405,-0.000117
20120409,-0.011358
20120410,-0.017067
20120411,0.007588
20120412,0.013798
20120413,-0.012420
20120416,-0.000450
20120417,0.015507
20120418,-0.003952
20120419,-0.005824
20120420,0.001370
20120423,-0.008769
20120424,0.003327
20120425,0.013675
20120426,0.007023
20120427,0.002703
20120430,-0.003841
20120501,0.005573
20120502,-0.002329
20120503,-0.007570
20120504,-0.016202
20120507,0.000175
20120508,-0.004166
20120509,-0.006242
20120510,0.002691
20120511,-0.003215
20120514,-0.011019
20120515,-0.005451
20120516,-0.004271
20120517,-0.014673
20120518,-0.007276
20120521,0.016123
20120522,0.000573
20120523,0.001839
20120524,0.001519
20120525,-0.002080
20120529,0.011299
20120530,-0.014079
20120531,-0.002107
20120601,-0.024708
20120604,0.000295
20120605,0.005835
20120606,0.023073
20120607,0.000014
20120608,0.008371
20120611,-0.012739
20120612,0.011654
20120613,-0.006675
20120614,0.010730
20120615,0.010421
20120618,0.001494
20120619,0.009845
20120620,-0.001449
20120621,-0.022090
20120622,0.007080
20120625,-0.015577
20120626,0.004758
20120627,0.008995
20120628,-0.002167
20120629,0.025165
20120702,0.002405
20120703,0.006713
20120705,-0.004557
20120706,-0.009039
20120709,-0.001629
20120710,-0.008019
20120711,-0.000020
20120712,-0.005030
20120713,0.016617
20120716,-0.002319
20120717,0.007375
20120718,0.006779
20120719,0.002712
20120720,-0.009819
20120723,-0.009045
20120724,-0.009039
20120725,-0.000342
20120726,0.016661
20120727,0.019238
20120730,-0.000306
20120731,-0.004437
20120801,-0.003073
20120802,-0.007161
20120803,0.019034
20120806,0.002376
20120807,0.005174
20120808,0.001014
20120809,0.000757
20120810,0.002143
20120813,-0.001029
20120814,0.000231
20120815,0.001656
20120816,0.006944
20120817,0.001860
20120820,-0.000025
20120821,-0.003603
20120822,0.000250
20120823,-0.007941
20120824,0.006713
20120827,-0.000408
20120828,-0.000706
20120829,0.001133
20120830,-0.007663
20120831,0.005188
20120904,-0.000936
20120905,-0.000866
20120906,0.020380
20120907,0.004010
20120910,-0.006136
20120911,0.003175
20120912,0.002337
20120913,0.016295
20120914,0.004019
20120917,-0.003166
20120918,-0.001285
20120919,0.001210
20120920,-0.000450
20120921,-0.000179
20120924,-0.002032
20120925,-0.010525
20120926,-0.005536
20120927,0.009581
20120928,-0.004484
20121001,0.002764
20121002,0.000982
20121003,0.003885
20121004,0.007250
20121005,-0.000007
20121008,-0.003299
20121009,-0.009926
20121010,-0.005926
20121011,0.000421
20121012,-0.002788
20121015,0.008097
20121016,0.010141
20121017,0.004166
20121018,-0.002450
20121019,-0.016520
20121022,0.000409
20121023,-0.014309
20121024,-0.003034
20121025,0.002777
20121026,-0.000458
20121031,0.000391
20121101,0.010576
20121102,-0.009219
20121105,0.002231
20121106,0.008003
20121107,-0.022644
20121108,-0.012236
20121109,0.001589
20121112,0.000099
20121113,-0.003716
20121114,-0.013501
20121115,-0.001847
20121116,0.004933
20121119,0.019683
20121120,0.000789
20121121,0.002384
20121123,0.013213
20121126,-0.002008
20121127,-0.005096
20121128,0.008316
20121129,0.004408
20121130,0.000344
20121203,-0.004831
20121204,-0.001520
20121205,0.001923
20121206,0.003442
20121207,0.003084
20121210,0.000380
20121211,0.006462
20121212,0.000242
20121213,-0.005975
20121214,-0.003964
20121217,0.011723
20121218,0.011496
20121219,-0.007328
20121220,0.005499
20121221,-0.009196
20121224,-0.002297
20121226,-0.004901
20121227,-0.001007
20121228,-0.010917
20121231,0.016572
20130102,0.025611
20130103,-0.002199
20130104,0.004998
20130107,-0.003084
20130108,-0.002897
20130109,0.002726
20130110,0.007413
20130111,0.000174
20130114,-0.000932
20130115,0.001299
20130116,0.000271
20130117,0.005619
20130118,0.003510
20130122,0.004398
20130123,0.001432
20130124,0.000273
20130125,0.005407
20130128,-0.001824
20130129,0.004958
20130130,-0.003316
20130131,-0.002475
20130201,0.010003
20130204,-0.011541
20130205,0.010499
20130206,0.000737
20130207,-0.001367
20130208,0.005602
20130211,-0.000570
20130212,0.001607
20130213,0.001055
20130214,0.000650
20130215,-0.001190
20130219,0.007348
20130220,-0.012237
20130221,-0.005934
20130222,0.008917
20130225,-0.018226
20130226,0.006260
20130227,0.012895
20130228,-0.000953
20130301,0.002466
20130304,0.004884
20130305,0.009513
20130306,0.001350
20130307,0.001911
20130308,0.004463
20130311,0.003298
20130312,-0.002195
20130313,0.001664
20130314,0.005496
20130315,-0.001658
20130318,-0.005454
20130319,-0.002360
20130320,0.006788
20130321,-0.008486
20130322,0.007151
20130325,-0.003320
20130326,0.008095
20130327,-0.000461
20130328,0.004015
20130401,-0.004271
20130402,0.005018
20130403,-0.010349
20130404,0.004128
20130405,-0.004222
20130408,0.006677
20130409,0.003805
20130410,0.012105
20130411,0.003536
20130412,-0.002725
20130415,-0.022745
20130416,0.014195
20130417,-0.014184
20130418,-0.006677
20130419,0.008839
20130422,0.004653
20130423,0.010427
20130424,0.000123
20130425,0.004200
20130426,-0.001881
20130429,0.007100
20130430,0.002534
20130501,-0.009213
20130502,0.009456
20130503,0.010695
20130506,0.001785
20130507,0.005245
20130508,0.004475
20130509,-0.003264
20130510,0.004434
20130513,0.000144
20130514,0.010441
20130515,0.005529
20130516,-0.004957
20130517,0.010277
20130520,-0.000680
20130521,0.001665
20130522,-0.008264
20130523,-0.002871
20130524,-0.000402
20130528,0.006402
20130529,-0.007039
20130530,0.003664
20130531,-0.014153
20130603,0.006028
20130604,-0.005431
20130605,-0.013435
20130606,0.008539
20130607,0.012915
20130610,-0.000310
20130611,-0.010230
20130612,-0.008146
20130613,0.014841
20130614,-0.005876
20130617,0.007613
20130618,0.007811
20130619,-0.013912
20130620,-0.024876
20130621,0.002351
20130624,-0.011854
20130625,0.009489
20130626,0.009840
20130627,0.006371
20130628,-0.004367
20130701,0.005481
20130702,-0.000412
20130703,0.000831
20130705,0.010113
20130708,0.005695
20130709,0.007262
20130710,0.000236
20130711,0.013691
20130712,0.003009
20130715,0.001522
20130716,-0.003745
20130717,0.002830
20130718,0.005012
20130719,0.001503
20130722,0.002035
20130723,-0.001750
20130724,-0.003726
20130725,0.002500
20130726,0.000813
20130729,-0.003651
20130730,0.000527
20130731,-0.000104
20130801,0.012504
20130802,0.001666
20130805,-0.001412
20130806,-0.005701
20130807,-0.003545
20130808,0.004056
20130809,-0.003307
20130812,-0.001138
20130813,0.002888
20130814,-0.004962
20130815,-0.014269
20130816,-0.003337
20130819,-0.005888
20130820,0.003870
20130821,-0.005602
20130822,0.008594
20130823,0.004166
20130826,-0.004020
20130827,-0.015764
20130828,0.002691
20130829,0.002221
20130830,-0.002944
20130903,0.004108
20130904,0.008289
20130905,0.001261
20130906,0.000194
20130909,0.010143
20130910,0.007445
20130911,0.003132
20130912,-0.003057
20130913,0.002824
20130916,0.005725
20130917,0.004337
20130918,0.012281
20130919,-0.001649
20130920,-0.007180
20130923,-0.004703
20130924,-0.002512
20130925,-0.002836
20130926,0.003647
20130927,-0.004064
20130930,-0.006004
20131001,0.007948
20131002,-0.000453
20131003,-0.008983
20131004,0.006997
20131007,-0.008653
20131008,-0.011835
20131009,0.000665
20131010,0.021999
20131011,0.006247
20131014,0.004028
20131015,-0.007049
20131016,0.013931
20131017,0.006748
20131018,0.006599
20131021,0.000049
20131022,0.005811
20131023,-0.004769
20131024,0.003382
20131025,0.004538
20131028,0.001408
20131029,0.005638
20131030,-0.004725
20131031,-0.003629
20131101,0.002812
20131104,0.003611
20131105,-0.002643
20131106,0.004945
20131107,-0.013047
20131108,0.013383
20131111,0.000868
20131112,-0.002210
20131113,0.008407
20131114,0.005032
20131115,0.004164
20131118,-0.003615
20131119,-0.001941
20131120,-0.003578
20131121,0.008144
20131122,0.005076
20131125,-0.001130
20131126,0.000306
20131127,0.002796
20131129,-0.000704
20131202,-0.002526
20131203,-0.003192
20131204,-0.001071
20131205,-0.004448
20131206,0.011338
20131209,0.001871
20131210,-0.003295
20131211,-0.011122
20131212,-0.003588
20131213,-0.000063
20131216,0.006329
20131217,-0.003089
20131218,0.016609
20131219,-0.000494
20131220,0.005032
20131223,0.005333
20131224,0.003015
20131226,0.004784
20131227,-0.000212
20131230,-0.000111
20131231,0.003983
20140102,-0.008595
20140103,-0.000275
20140106,-0.002495
20140107,0.006090
20140108,0.000056
20140109,0.000369
20140110,0.002358
20140113,-0.012524
20140114,0.010866
20140115,0.005061
20140116,-0.001358
20140117,-0.003801
20140121,0.002788
20140122,0.000648
20140123,-0.008917
20140124,-0.020885
20140127,-0.004946
20140128,0.006288
20140129,-0.010172
20140130,0.011493
20140131,-0.006640
20140203,-0.022957
20140204,0.007695
20140205,-0.001722
20140206,0.012905
20140207,0.013283
20140210,0.001672
20140211,0.011133
20140212,0.000190
20140213,0.006053
20140214,0.004822
20140218,0.001301
20140219,-0.006349
20140220,0.006132
20140221,-0.001748
20140224,0.006270
20140225,-0.001301
20140226,0.000376
20140227,0.004977
20140228,0.002726
20140303,-0.007366
20140304,0.015324
20140305,0.000157
20140306,0.001736
20140307,0.000550
20140310,-0.000494
20140311,-0.005036
20140312,0.000613
20140313,-0.011595
20140314,-0.002778
20140317,0.009605
20140318,0.007293
20140319,-0.006192
20140320,0.006026
20140321,-0.002971
20140324,-0.004746
20140325,0.004416
20140326,-0.007022
20140327,-0.001715
20140328,0.004673
20140331,0.007985
20140401,0.007171
20140402,0.003009
20140403,-0.001183
20140404,-0.012602
20140407,-0.010670
20140408,0.004302
20140409,0.011019
20140410,-0.021010
20140411,-0.009449
20140414,0.008280
20140415,0.006704
20140416,0.010551
20140417,0.001345
20140421,0.003740
20140422,0.004064
20140423,-0.002149
20140424,0.001664
20140425,-0.008293
20140428,0.003239
20140429,0.004856
20140430,0.003123
20140501,-0.000047
20140502,-0.001378
20140505,0.001898
20140506,-0.008985
20140507,0.005960
20140508,-0.001097
20140509,0.001806
20140512,0.009899
20140513,0.000701
20140514,-0.004558
20140515,-0.009363
20140516,0.003727
20140519,0.003886
20140520,-0.006523
20140521,0.008260
20140522,0.002440
20140523,0.004329
20140527,0.005997
20140528,-0.001014
20140529,0.005499
20140530,0.001890
20140602,0.000832
20140603,-0.000387
20140604,0.002108
20140605,0.006645
20140606,0.004822
20140609,0.000962
20140610,-0.000262
20140611,-0.003447
20140612,-0.006838
20140613,0.003143
20140616,0.000825
20140617,0.002241
20140618,0.007848
20140619,0.001311
20140620,0.001691
20140623,-0.000019
20140624,-0.006352
20140625,0.004824
20140626,-0.001148
20140627,0.002066
20140630,-0.000311
20140701,0.006864
20140702,0.000656
20140703,0.005392
20140707,-0.003839
20140708,-0.006723
20140709,0.004662
20140710,-0.004144
20140711,0.001618
20140714,0.004856
20140715,-0.001933
20140716,0.004352
20140717,-0.011614
20140718,0.010239
20140721,-0.002260
20140722,0.004959
20140723,0.001767
20140724,0.000465
20140725,-0.004938
20140728,0.000228
20140729,-0.004486
20140730,0.000194
20140731,-0.019929
20140801,-0.002982
20140804,0.007143
20140805,-0.009499
20140806,0.000378
20140807,-0.005303
20140808,0.011524
20140811,0.002901
20140812,-0.001668
20140813,0.006939
20140814,0.004360
20140815,0.000085
20140818,0.008628
20140819,0.005292
20140820,0.002524
20140821,0.002979
20140822,-0.001758
20140825,0.004783
20140826,0.001090
20140827,0.000132
20140828,-0.001583
20140829,0.003363
20140902,-0.000439
20140903,-0.000566
20140904,-0.001383
20140905,0.005057
20140908,-0.002982
20140909,-0.006551
20140910,0.003676
20140911,0.001135
20140912,-0.005910
20140915,-0.000819
20140916,0.007541
20140917,0.001261
20140918,0.005027
20140919,-0.000442
20140922,-0.008037
20140923,-0.005735
20140924,0.007993
20140925,-0.016122
20140926,0.008738
20140929,-0.002507
20140930,-0.002648
20141001,-0.013082
20141002,0.000146
20141003,0.011167
20141006,-0.001490
20141007,-0.015091
20141008,0.017686
20141009,-0.020568
20141010,-0.011288
20141013,-0.016465
20141014,0.001633
20141015,-0.008095
20141016,0.000072
20141017,0.012737
20141020,0.009184
20141021,0.019483
20141022,-0.007090
20141023,0.012180
20141024,0.006866
20141027,-0.001469
20141028,0.011817
20141029,-0.001291
20141030,0.006384
20141031,0.011692
20141103,-0.000161
20141104,-0.002762
20141105,0.005923
20141106,0.004119
20141107,0.000677
20141110,0.003279
20141111,0.000677
20141112,-0.000444
20141113,0.000912
20141114,0.000423
20141117,0.000814
20141118,0.005303
20141119,-0.001267
20141120,0.001877
20141121,0.005325
20141124,0.002893
20141125,-0.001140
20141126,0.003037
20141128,-0.002131
20141201,-0.006999
20141202,0.006352
20141203,0.003846
20141204,-0.001108
20141205,0.001607
20141208,-0.007021
20141209,-0.000191
20141210,-0.016261
20141211,0.004852
20141212,-0.016058
20141215,-0.006143
20141216,-0.008611
20141217,0.020318
20141218,0.024296
20141219,0.004482
20141222,0.004086
20141223,0.001904
20141224,-0.000148
20141226,0.003310
20141229,0.000948
20141230,-0.004736
20141231,-0.010244
20150102,-0.000165
20150105,-0.018112
20150106,-0.008869
20150107,0.012110
20150108,0.017830
20150109,-0.008400
20150112,-0.007980
20150113,-0.002560
20150114,-0.005905
20150115,-0.009149
20150116,0.013317
20150120,0.001686
20150121,0.004874
20150122,0.015301
20150123,-0.005362
20150126,0.002496
20150127,-0.013292
20150128,-0.013339
20150129,0.009638
20150130,-0.012832
20150202,0.012851
20150203,0.014306
20150204,-0.003814
20150205,0.010546
20150206,-0.003109
20150209,-0.004306
20150210,0.010839
20150211,0.000206
20150212,0.009822
20150213,0.004082
20150217,0.001687
20150218,-0.000185
20150219,-0.000949
20150220,0.006179
20150223,-0.000248
20150224,0.002685
20150225,-0.000578
20150226,-0.001256
20150227,-0.002875
20150302,0.006270
20150303,-0.004584
20150304,-0.004182
20150305,0.001384
20150306,-0.014191
20150309,0.004038
20150310,-0.016802
20150311,-0.001821
20150312,0.012985
20150313,-0.005975
20150316,0.013627
20150317,-0.003348
20150318,0.012142
20150319,-0.004840
20150320,0.009114
20150323,-0.001711
20150324,-0.005943
20150325,-0.014650
20150326,-0.002283
20150327,0.002482
20150330,0.012275
20150331,-0.008564
20150401,-0.003964
20150402,0.003517
20150406,0.006606
20150407,-0.002077
20150408,0.003188
20150409,0.004435
20150410,0.005049
20150413,-0.004475
20150414,0.001618
20150415,0.005081
20150416,-0.000811
20150417,-0.011408
20150420,0.009185
20150421,-0.001377
20150422,0.005124
20150423,0.002475
20150424,0.002430
20150427,-0.004142
20150428,0.002747
20150429,-0.003773
20150430,-0.010055
20150501,0.010831
20150504,0.002882
20150505,-0.011716
20150506,-0.004029
20150507,0.004091
20150508,0.013380
20150511,-0.004815
20150512,-0.002810
20150513,-0.000103
20150514,0.010902
20150515,0.000819
20150518,0.003104
20150519,-0.000774
20150520,-0.000843
20150521,0.002523
20150522,-0.002228
20150526,-0.010319
20150527,0.009336
20150528,-0.001115
20150529,-0.006246
20150601,0.002189
20150602,-0.000941
20150603,0.002344
20150604,-0.008604
20150605,-0.001427
20150608,-0.006372
20150609,0.000510
20150610,0.012180
20150611,0.002003
20150612,-0.006905
20150615,-0.004626
20150616,0.005804
20150617,0.002029
20150618,0.009846
20150619,-0.005333
20150622,0.006047
20150623,0.000747
20150624,-0.007300
20150625,-0.002942
20150626,-0.000170
20150629,-0.020733
20150630,0.002715
20150701,0.007103
20150702,-0.000255
20150706,-0.003790
20150707,0.006243
20150708,-0.016269
20150709,0.002294
20150710,0.012365
20150713,0.011254
20150714,0.004466
20150715,-0.000920
20150716,0.008094
20150717,0.001293
20150720,0.000878
20150721,-0.004271
20150722,-0.002211
20150723,-0.005694
20150724,-0.010448
20150727,-0.005735
20150728,0.012287
20150729,0.007463
20150730,0.000173
20150731,-0.002188
20150803,-0.002674
20150804,-0.002135
20150805,0.003722
20150806,-0.007521
20150807,-0.003013
20150810,0.012667
20150811,-0.009154
20150812,0.001136
20150813,-0.001209
20150814,0.003978
20150817,0.005274
20150818,-0.002598
20150819,-0.008168
20150820,-0.020963
20150821,-0.031656
20150824,-0.039372
20150825,-0.013371
20150826,0.039178
20150827,0.024267
20150828,0.000638
20150831,-0.008319
20150901,-0.029419
20150902,0.018473
20150903,0.001312
20150904,-0.015208
20150908,0.025441
20150909,-0.013809
20150910,0.005224
20150911,0.004920
20150914,-0.004017
20150915,0.012701
20150916,0.008801
20150917,-0.002355
20150918,-0.016077
20150921,0.004610
20150922,-0.012320
20150923,-0.002029
20150924,-0.003418
20150925,-0.000514
20150928,-0.025484
20150929,0.001182
20150930,0.019174
20151001,0.002083
20151002,0.014534
20151005,0.018311
20151006,-0.003618
20151007,0.008414
20151008,0.008755
20151009,0.000816
20151012,0.001286
20151013,-0.006700
20151014,-0.005229
20151015,0.014745
20151016,0.004642
20151019,0.000199
20151020,-0.001494
20151021,-0.005683
20151022,0.016550
20151023,0.010927
20151026,-0.001801
20151027,-0.002522
20151028,0.011773
20151029,-0.000330
20151030,-0.004718
20151102,0.011687
20151103,0.002679
20151104,-0.003090
20151105,-0.000744
20151106,-0.000296
20151109,-0.009597
20151110,0.001874
20151111,-0.003284
20151112,-0.013719
20151113,-0.011285
20151116,0.015160
20151117,-0.000952
20151118,0.016253
20151119,-0.001080
20151120,0.003930
20151123,-0.001019
20151124,0.001202
20151125,0.000107
20151127,0.000756
20151130,-0.004752
20151201,0.010733
20151202,-0.010711
20151203,-0.014242
20151204,0.020367
20151207,-0.006789
20151208,-0.006288
20151209,-0.007690
20151210,0.002337
20151211,-0.019273
20151214,0.004951
20151215,0.010446
20151216,0.014690
20151217,-0.014958
20151218,-0.017558
20151221,0.007889
20151222,0.008941
20151223,0.012446
20151224,-0.001635
20151228,-0.002082
20151229,0.010906
20151230,-0.007063
20151231,-0.009432
20160104,-0.015190
20160105,0.002134
20160106,-0.012566
20160107,-0.023433
20160108,-0.010898
20160111,0.001055
20160112,0.007732
20160113,-0.025050
20160114,0.016641
20160115,-0.021666
20160119,0.000584
20160120,-0.011584
20160121,0.005400
20160122,0.020313
20160125,-0.015346
20160126,0.014103
20160127,-0.010767
20160128,0.005788
20160129,0.024522
20160201,-0.000353
20160202,-0.018668
20160203,0.004892
20160204,0.001674
20160205,-0.018422
20160208,-0.014243
20160209,-0.000563
20160210,0.000266
20160211,-0.011937
20160212,0.019407
20160216,0.016835
20160217,0.016645
20160218,-0.004807
20160219,0.000267
20160222,0.014514
20160223,-0.012146
20160224,0.004498
20160225,0.011663
20160226,-0.001763
20160229,-0.008096
20160301,0.023751
20160302,0.004158
20160303,0.003601
20160304,0.003277
20160307,0.000897
20160308,-0.010939
20160309,0.005140
20160310,0.000210
20160311,0.016578
20160314,-0.001083
20160315,-0.001833
20160316,0.005770
20160317,0.006394
20160318,0.004326
20160321,0.001002
20160322,-0.000758
20160323,-0.006336
20160324,-0.000324
20160328,0.000579
20160329,0.008996
20160330,0.004496
20160331,-0.002030
20160401,0.006388
20160404,-0.003057
20160405,-0.010146
20160406,0.010860
20160407,-0.011989
20160408,0.002779
20160411,-0.002805
20160412,0.009758
20160413,0.010088
20160414,0.000234
20160415,-0.000876
20160418,0.006639
20160419,0.002914
20160420,0.000738
20160421,-0.005231
20160422,0.000020
20160425,-0.001656
20160426,0.001775
20160427,0.001740
20160428,-0.009140
20160429,-0.004948
20160502,0.007958
20160503,-0.008675
20160504,-0.005600
20160505,0.000095
20160506,0.003474
20160509,0.000921
20160510,0.012501
20160511,-0.009117
20160512,0.000048
20160513,-0.008524
20160516,0.009907
20160517,-0.009345
20160518,0.000047
20160519,-0.003166
20160520,0.006168
20160523,-0.002063
20160524,0.013685
20160525,0.006974
20160526,-0.000039
20160527,0.004409
20160531,-0.000821
20160601,0.001266
20160602,0.002911
20160603,-0.002827
20160606,0.004856
20160607,0.001246
20160608,0.003516
20160609,-0.001697
20160610,-0.009141
20160613,-0.007757
20160614,-0.001673
20160615,-0.001711
20160616,0.003261
20160617,-0.003229
20160620,0.005859
20160621,0.002732
20160622,-0.001645
20160623,0.013333
20160624,-0.035723
20160627,-0.018011
20160628,0.017815
20160629,0.017256
20160630,0.013529
20160701,0.002169
20160705,-0.006639
20160706,0.005709
20160707,-0.000774
20160708,0.015192
20160711,0.003447
20160712,0.006791
20160713,0.000253
20160714,0.005231
20160715,-0.000962
20160718,0.002433
20160719,-0.001407
20160720,0.004373
20160721,-0.003588
20160722,0.004509
20160725,-0.002880
20160726,0.000199
20160727,-0.001334
20160728,0.001742
20160729,0.001739
20160801,-0.001183
20160802,-0.006411
20160803,0.003364
20160804,0.000503
20160805,0.008638
20160808,-0.000817
20160809,0.000379
20160810,-0.002326
20160811,0.004847
20160812,-0.000708
20160815,0.002835
20160816,-0.005339
20160817,0.002046
20160818,0.002338
20160819,-0.001407
20160822,-0.000531
20160823,0.001901
20160824,-0.005186
20160825,-0.001417
20160826,-0.001507
20160829,0.005327
20160830,-0.001856
20160831,-0.002113
20160901,0.000062
20160902,0.004168
20160906,0.003045
20160907,0.000049
20160908,-0.002217
20160909,-0.024623
20160912,0.014852
20160913,-0.014474
20160914,-0.000553
20160915,0.010269
20160916,-0.003710
20160919,-0.000098
20160920,0.000339
20160921,0.010844
20160922,0.006607
20160923,-0.005616
20160926,-0.008565
20160927,0.006603
20160928,0.005420
20160929,-0.009335
20160930,0.008021
20161003,-0.003092
20161004,-0.004863
20161005,0.004639
20161006,0.000282
20161007,-0.003269
20161010,0.004571
20161011,-0.012474
20161012,0.001210
20161013,-0.002939
20161014,0.000234
20161017,-0.003031
20161018,0.006191
20161019,0.002284
20161020,-0.001259
20161021,0.000169
20161024,0.004968
20161025,-0.003734
20161026,-0.001806
20161027,-0.002978
20161028,-0.003026
20161031,0.000017
20161101,-0.006804
20161102,-0.006457
20161103,-0.004079
20161104,-0.001766
20161107,0.022186
20161108,0.004279
20161109,0.010919
20161110,0.001676
20161111,-0.001388
20161114,-0.000078
20161115,0.007828
20161116,-0.001269
20161117,0.004581
20161118,-0.002340
20161121,0.007546
20161122,0.002337
20161123,0.000806
20161125,0.003954
20161128,-0.005090
20161129,0.001574
20161130,-0.002682
20161201,-0.003684
20161202,0.000426
20161205,0.005921
20161206,0.003435
20161207,0.013385
20161208,0.002241
20161209,0.005862
20161212,-0.001110
20161213,0.006688
20161214,-0.008034
20161215,0.003830
20161216,-0.001763
20161219,0.002005
20161220,0.003783
20161221,-0.002423
20161222,-0.001929
20161223,0.001354
20161227,0.002297
20161228,-0.008145
20161229,-0.000246
20161230,-0.004634
