caldt,vwretd,tbill
20000103,-0.009385,6.58
20000104,-0.038436,6.49
20000105,0.000861,6.62
20000106,-0.002834,6.57
20000107,0.032185,6.52
20000110,0.011417,6.57
20000111,-0.013781,6.67
20000112,-0.004246,6.72
20000113,0.012918,6.63
20000114,0.010723,6.69
20000118,-0.0065,6.75
20000119,0.001412,6.73
20000120,-0.00866,6.79
20000121,-0.002923,6.79
20000124,-0.027223,6.69
20000125,0.006582,6.7
20000126,-0.005063,6.69
20000127,-0.003752,6.68
20000128,-0.026674,6.66
20000131,0.024638,6.68
20000201,0.011097,6.62
20000202,-0.000557,6.6
20000203,0.012121,6.49
20000204,-0.000492,6.53
20000207,0.000628,6.64
20000208,0.01138,6.59
20000209,-0.020373,6.56
20000210,0.003727,6.67
20000211,-0.020607,6.63
20000214,0.001837,6.56
20000215,0.009352,6.56
20000216,-0.010351,6.56
20000217,-0.000424,6.58
20000218,-0.030001,6.49
20000222,0.004273,6.36
20000223,0.007722,6.44
20000224,-0.00572,6.36
20000225,-0.014729,6.36
20000228,0.010583,6.37
20000229,0.014415,6.42
20000301,0.009355,6.39
20000302,0.001277,6.4
20000303,0.020696,6.39
20000306,-0.012653,6.42
20000307,-0.026713,6.39
20000308,0.008669,6.38
20000309,0.024992,6.35
20000310,-0.004284,6.39
20000313,-0.007836,6.36
20000314,-0.018024,6.31
20000315,0.024295,6.29
20000316,0.047306,6.26
20000317,0.005001,6.2
20000320,-0.005342,6.18
20000321,0.02477,6.13
20000322,0.005105,6.13
20000323,0.018145,6.08
20000324,0.000268,6.2
20000327,-0.002325,6.21
20000328,-0.010875,6.17
20000329,0.001094,6.18
20000330,-0.013676,6.06
20000331,0.008026,6.03
20000403,0.002777,6
20000404,-0.00605,5.9
20000405,-0.004872,5.9
20000406,0.008649,5.93
20000407,0.010101,5.86
20000410,-0.007807,5.8
20000411,-0.002796,5.89
20000412,-0.021777,5.97
20000413,-0.017048,5.94
20000414,-0.059392,5.85
20000417,0.032607,6.01
20000418,0.028617,6.05
20000419,-0.009244,5.99
20000420,0.004224,5.99
20000424,-0.002569,6
20000425,0.03417,6.14
20000426,-0.012069,6.14
20000427,0.002953,6.23
20000428,-0.00854,6.23
20000501,0.010786,6.29
20000502,-0.015308,6.32
20000503,-0.020843,6.4
20000504,-0.004372,6.46
20000505,0.015642,6.51
20000508,-0.005706,6.57
20000509,-0.008494,6.53
20000510,-0.021252,6.47
20000511,0.01959,6.43
20000512,0.008513,6.51
20000515,0.021946,6.47
20000516,0.01012,6.43
20000517,-0.012316,6.48
20000518,-0.007502,6.56
20000519,-0.021631,6.51
20000522,-0.00436,6.44
20000523,-0.020077,6.45
20000524,0.019539,6.47
20000525,-0.013255,6.39
20000526,-0.001875,6.33
20000530,0.032366,6.38
20000531,-0.001226,6.29
20000601,0.020402,6.2
20000602,0.019616,6.15
20000605,-0.006698,6.12
20000606,-0.007085,6.14
20000607,0.010396,6.13
20000608,-0.007096,6.13
20000609,-0.003281,6.13
20000612,-0.007719,6.09
20000613,0.016449,6.11
20000614,0.000881,6.06
20000615,0.005811,6.05
20000616,-0.009541,5.99
20000619,0.015042,6
20000620,-0.006659,6.03
20000621,0.002097,6.11
20000622,-0.018218,6.12
20000623,-0.007393,6.19
20000626,0.009739,6.11
20000627,-0.003335,6.1
20000628,0.003403,6.11
20000629,-0.008666,6.04
20000630,0.00858,6.03
20000703,0.009827,6
20000705,-0.016173,5.99
20000706,0.007423,6.05
20000707,0.015319,6.01
20000710,-0.002222,6.04
20000711,0.003459,6.06
20000712,0.008432,6.09
20000713,0.001894,6.01
20000714,0.009428,6.1
20000717,0.000541,6.17
20000718,-0.011055,6.16
20000719,-0.007859,6.16
20000720,0.009351,6.01
20000721,-0.010021,6.01
20000724,-0.010667,6.04
20000725,0.007075,6.04
20000726,-0.015004,6.04
20000727,-0.001627,6.02
20000728,-0.020448,6.04
20000731,0.007756,6.04
20000801,0.00508,6
20000802,0.000497,5.98
20000803,0.009792,5.95
20000804,0.007225,5.91
20000807,0.011263,5.97
20000808,0.002618,5.93
20000809,-0.006626,5.81
20000810,-0.008702,5.76
20000811,0.008185,5.79
20000814,0.013383,5.78
20000815,-0.004891,5.81
20000816,-0.002881,5.83
20000817,0.010768,5.81
20000818,-0.002984,5.78
20000821,0.005288,5.79
20000822,-0.000792,5.78
20000823,0.005313,5.73
20000824,0.001704,5.73
20000825,-0.001305,5.73
20000828,0.005277,5.78
20000829,-0.002604,5.81
20000830,-0.0044,5.81
20000831,0.009986,5.73
20000901,0.002094,5.68
20000905,-0.00897,5.69
20000906,-0.010056,5.72
20000907,0.007092,5.76
20000908,-0.00529,5.73
20000911,-0.003522,5.77
20000912,-0.004889,5.78
20000913,0.002464,5.74
20000914,-0.002677,5.79
20000915,-0.01028,5.84
20000918,-0.014178,5.88
20000919,0.010489,5.86
20000920,-0.005506,5.91
20000921,-0.002451,5.88
20000922,0.000876,5.85
20000925,-0.006833,5.84
20000926,-0.008219,5.81
20000927,-0.000572,5.83
20000928,0.021732,5.82
20000929,-0.014369,5.8
20001002,-0.000038,5.83
20001003,-0.007258,5.87
20001004,0.005245,5.9
20001005,0.002105,5.87
20001006,-0.01884,5.82
20001009,-0.00559,5.87
20001010,-0.011521,5.8
20001011,-0.01535,5.77
20001012,-0.026515,5.73
20001013,0.034524,5.73
20001016,0.000466,5.74
20001017,-0.0179,5.68
20001018,-0.005673,5.66
20001019,0.034935,5.66
20001020,0.00578,5.64
20001023,-0.000939,5.59
20001024,0.001801,5.63
20001025,-0.02377,5.67
20001026,-0.000038,5.69
20001027,0.011125,5.72
20001030,0.014031,5.74
20001031,0.022132,5.77
20001101,-0.00586,5.74
20001102,0.005507,5.74
20001103,-0.000844,5.83
20001106,0.003895,5.87
20001107,-0.000037,5.87
20001108,-0.015932,5.87
20001109,-0.006307,5.82
20001110,-0.024793,5.82
20001113,-0.0107,5.77
20001114,0.023809,5.76
20001115,0.004871,5.72
20001116,-0.012698,5.68
20001117,-0.003303,5.71
20001120,-0.018191,5.68
20001121,0.003521,5.67
20001122,-0.018706,5.62
20001124,0.01523,5.63
20001127,0.005074,5.64
20001128,-0.009687,5.59
20001129,0.004785,5.55
20001130,-0.020141,5.48
20001201,0.000234,5.52
20001204,0.007385,5.53
20001205,0.039589,5.43
20001206,-0.018185,5.32
20001207,-0.005831,5.32
20001208,0.019867,5.35
20001211,0.007685,5.37
20001212,-0.006893,5.36
20001213,-0.008274,5.29
20001214,-0.013829,5.23
20001215,-0.021747,5.2
20001218,0.008306,5.17
20001219,-0.013216,5.19
20001220,-0.031229,5.08
20001221,0.008053,5.03
20001222,0.024469,5.02
20001226,0.007053,5.04
20001227,0.010715,5.11
20001228,0.004048,5.13
20001229,-0.010411,5.12
20010102,-0.028371,4.92
20010103,0.050591,5.14
20010104,-0.010667,5.03
20010105,-0.026591,4.93
20010108,-0.001724,4.94
20010109,0.004094,4.98
20010110,0.009595,5.1
20010111,0.010237,5.14
20010112,-0.006454,5.25
20010116,0.006371,5.24
20010117,0.002163,5.19
20010118,0.014016,5.12
20010119,-0.004101,5.19
20010122,0.00025,5.25
20010123,0.013191,5.3
20010124,0.002976,5.33
20010125,-0.005012,5.29
20010126,-0.001704,5.29
20010129,0.006798,5.32
20010130,0.007068,5.24
20010131,-0.005587,5.19
20010201,0.005626,5.1
20010202,-0.017533,5.17
20010205,0.003487,5.18
20010206,-0.001383,5.22
20010207,-0.008208,5.1
20010208,-0.006215,5.1
20010209,-0.013722,5.03
20010212,0.012105,5.05
20010213,-0.008527,5.07
20010214,-0.001943,5.13
20010215,0.008388,5.19
20010216,-0.019003,5.11
20010220,-0.017329,5.11
20010221,-0.018551,5.14
20010222,-0.002012,5.15
20010223,-0.005536,5.1
20010226,0.017562,5.05
20010227,-0.007641,4.96
20010228,-0.013917,4.92
20010301,0.001041,4.87
20010302,-0.005929,4.95
20010305,0.006105,4.98
20010306,0.010168,4.99
20010307,0.006646,4.92
20010308,0.00223,4.89
20010309,-0.025011,4.95
20010312,-0.043332,4.92
20010313,0.01548,4.95
20010314,-0.025915,4.84
20010315,0.005693,4.81
20010316,-0.019575,4.78
20010319,0.01771,4.82
20010320,-0.024259,4.78
20010321,-0.017817,4.77
20010322,-0.003781,4.73
20010323,0.019876,4.8
20010326,0.011112,4.85
20010327,0.025461,5
20010328,-0.024266,4.97
20010329,-0.004697,4.98
20010330,0.01081,4.93
20010402,-0.012619,4.98
20010403,-0.034401,4.94
20010404,-0.00285,4.94
20010405,0.043928,4.98
20010406,-0.020124,4.89
20010409,0.00799,4.93
20010410,0.027424,5.09
20010411,-0.002031,5.12
20010412,0.015173,5.17
20010416,-0.003394,5.28
20010417,0.010463,5.21
20010418,0.039394,5.14
20010419,0.012893,5.27
20010420,-0.008665,5.29
20010423,-0.015198,5.2
20010424,-0.012301,5.22
20010425,0.015993,5.28
20010426,0.004864,5.2
20010427,0.015063,5.34
20010430,-0.002827,5.35
20010501,0.01368,5.3
20010502,0.000995,5.31
20010503,-0.014686,5.22
20010504,0.014492,5.21
20010507,-0.002508,5.21
20010508,-0.001616,5.24
20010509,-0.004568,5.2
20010510,-0.000072,5.31
20010511,-0.007488,5.51
20010514,0.00276,5.46
20010515,0.000335,5.5
20010516,0.028754,5.48
20010517,0.002819,5.46
20010518,0.002578,5.41
20010521,0.016336,5.41
20010522,-0.002543,5.42
20010523,-0.015468,5.41
20010524,0.00325,5.52
20010525,-0.011901,5.52
20010529,-0.007846,5.54
20010530,-0.015481,5.54
20010531,0.006323,5.43
20010601,0.003923,5.39
20010604,0.005016,5.35
20010605,0.013073,5.29
20010606,-0.010253,5.27
20010607,0.005412,5.33
20010608,-0.009416,5.38
20010611,-0.008444,5.32
20010612,0.001065,5.27
20010613,-0.011144,5.28
20010614,-0.017572,5.26
20010615,-0.004627,5.27
20010618,-0.004739,5.27
20010619,0.003493,5.26
20010620,0.008745,5.24
20010621,0.011599,5.22
20010622,-0.009653,5.14
20010625,-0.005565,5.16
20010626,-0.001503,5.24
20010627,-0.004428,5.26
20010628,0.012857,5.35
20010629,-0.001906,5.42
20010702,0.010258,5.37
20010703,-0.00144,5.41
20010705,-0.012378,5.44
20010706,-0.023329,5.41
20010709,0.006846,5.37
20010710,-0.014177,5.32
20010711,-0.001062,5.31
20010712,0.023841,5.27
20010713,0.006271,5.27
20010716,-0.010901,5.21
20010717,0.010106,5.22
20010718,-0.005221,5.12
20010719,0.005874,5.13
20010720,-0.003578,5.15
20010723,-0.016416,5.13
20010724,-0.016269,5.13
20010725,0.015906,5.2
20010726,0.010376,5.19
20010727,0.002481,5.13
20010730,-0.001052,5.11
20010731,0.005557,5.07
20010801,0.003961,5.11
20010802,0.004196,5.17
20010803,-0.00497,5.2
20010806,-0.011432,5.19
20010807,0.003412,5.2
20010808,-0.017197,4.99
20010809,0.000115,5.04
20010810,0.005657,4.99
20010813,0.000993,4.97
20010814,-0.003823,4.97
20010815,-0.007176,5
20010816,0.003016,4.95
20010817,-0.016517,4.84
20010820,0.008191,4.91
20010821,-0.012215,4.87
20010822,0.007032,4.91
20010823,-0.002899,4.89
20010824,0.019594,4.93
20010827,-0.004758,4.94
20010828,-0.015032,4.85
20010829,-0.01116,4.78
20010830,-0.016924,4.79
20010831,0.004151,4.85
20010904,-0.000583,4.99
20010905,-0.000843,4.97
20010906,-0.022362,4.86
20010907,-0.018559,4.8
20010910,0.006272,4.84
20010917,-0.048809,4.63
20010918,-0.005685,4.72
20010919,-0.015842,4.69
20010920,-0.030608,4.75
20010921,-0.019294,4.7
20010924,0.039013,4.73
20010925,0.008676,4.72
20010926,-0.004796,4.65
20010927,0.011205,4.58
20010928,0.021785,4.6
20011001,-0.002043,4.55
20011002,0.012118,4.53
20011003,0.020304,4.5
20011004,-0.002687,4.53
20011005,0.001935,4.52
20011008,-0.008232,4.53
20011009,-0.005336,4.62
20011010,0.022807,4.61
20011011,0.015019,4.69
20011012,-0.005068,4.68
20011015,-0.001281,4.62
20011016,0.007022,4.59
20011017,-0.018789,4.59
20011018,-0.007368,4.58
20011019,0.004644,4.63
20011022,0.015346,4.63
20011023,-0.004935,4.66
20011024,0.000427,4.61
20011025,0.013862,4.56
20011026,0.003998,4.53
20011029,-0.023653,4.5
20011030,-0.017126,4.44
20011031,0.000007,4.3
20011101,0.023063,4.24
20011102,0.003038,4.37
20011105,0.014451,4.31
20011106,0.014678,4.3
20011107,-0.002384,4.22
20011108,0.002338,4.32
20011109,0.001478,4.34
20011112,-0.001631,4.31
20011113,0.018696,4.41
20011114,0.002472,4.54
20011115,0.001131,4.79
20011116,-0.003265,4.91
20011119,0.010845,4.8
20011120,-0.007236,4.88
20011121,-0.004852,4.98
20011123,0.011676,5.04
20011126,0.006317,5.05
20011127,-0.006856,4.98
20011128,-0.018019,4.98
20011129,0.010498,4.79
20011130,-0.000663,4.78
20011203,-0.008463,4.75
20011204,0.013202,4.7
20011205,0.022692,4.92
20011206,-0.002598,5.04
20011207,-0.007555,5.2
20011210,-0.015739,5.17
20011211,-0.002868,5.13
20011212,0.000496,5.02
20011213,-0.01554,5.13
20011214,0.003273,5.24
20011217,0.010135,5.26
20011218,0.007712,5.16
20011219,0.005992,5.08
20011220,-0.008188,5.08
20011221,0.004232,5.12
20011224,-0.000286,5.18
20011226,0.004117,5.22
20011227,0.006945,5.13
20011228,0.003304,5.15
20011231,-0.011112,5.07
20020102,0.005897,5.2
20020103,0.009302,5.16
20020104,0.006248,5.18
20020107,-0.006477,5.09
20020108,-0.003317,5.1
20020109,-0.00471,5.1
20020110,0.001231,5
20020111,-0.009368,4.92
20020114,-0.006209,4.91
20020115,0.006759,4.88
20020116,-0.016412,4.88
20020117,0.010413,4.98
20020118,-0.009908,4.94
20020122,-0.007226,4.96
20020123,0.007627,5.05
20020124,0.003444,5.07
20020125,0.001022,5.1
20020128,-0.00021,5.12
20020129,-0.028604,5.02
20020130,0.011895,5.02
20020131,0.015062,5.07
20020201,-0.007371,5.02
20020204,-0.024551,4.94
20020205,-0.003882,4.92
20020206,-0.006016,4.92
20020207,-0.002897,4.93
20020208,0.014955,4.9
20020211,0.014354,4.91
20020212,-0.003956,4.97
20020213,0.01034,5.01
20020214,-0.001707,4.95
20020215,-0.011077,4.86
20020219,-0.01881,4.88
20020220,0.013757,4.88
20020221,-0.015566,4.88
20020222,0.007934,4.84
20020225,0.018069,4.86
20020226,0.000002,4.93
20020227,0.00089,4.84
20020228,-0.002858,4.88
20020301,0.022751,4.98
20020304,0.019576,5.02
20020305,-0.006701,5.02
20020306,0.014598,5.06
20020307,-0.004533,5.22
20020308,0.005946,5.33
20020311,0.003259,5.33
20020312,-0.002261,5.32
20020313,-0.009669,5.28
20020314,-0.000854,5.4
20020315,0.011431,5.35
20020318,-0.000649,5.32
20020319,0.004117,5.33
20020320,-0.015796,5.4
20020321,0.001608,5.39
20020322,-0.004151,5.4
20020325,-0.014667,5.41
20020326,0.006045,5.35
20020327,0.005253,5.35
20020328,0.002583,5.42
20020401,-0.001007,5.44
20020402,-0.008665,5.36
20020403,-0.009769,5.3
20020404,0.001006,5.28
20020405,-0.003188,5.22
20020408,0.002535,5.25
20020409,-0.006698,5.22
20020410,0.011447,5.24
20020411,-0.023712,5.22
20020412,0.006875,5.18
20020415,-0.007851,5.15
20020416,0.023342,5.2
20020417,-0.002028,5.24
20020418,-0.001395,5.23
20020419,0.000537,5.21
20020422,-0.015421,5.19
20020423,-0.006119,5.18
20020424,-0.007069,5.11
20020425,-0.001515,5.1
20020426,-0.013817,5.08
20020429,-0.010137,5.13
20020430,0.010847,5.11
20020501,0.008925,5.08
20020502,-0.001734,5.13
20020503,-0.010451,5.08
20020506,-0.019451,5.1
20020507,-0.002952,5.09
20020508,0.037787,5.24
20020509,-0.014458,5.2
20020510,-0.016818,5.15
20020513,0.01868,5.23
20020514,0.02127,5.32
20020515,-0.005369,5.28
20020516,0.006577,5.2
20020517,0.007806,5.27
20020520,-0.01318,5.21
20020521,-0.011087,5.18
20020522,0.005715,5.13
20020523,0.01019,5.16
20020524,-0.012327,5.16
20020528,-0.008512,5.16
20020529,-0.006341,5.11
20020530,-0.002676,5.06
20020531,0.00224,5.08
20020603,-0.024935,5.06
20020604,0.000105,5.04
20020605,0.00932,5.08
20020606,-0.019821,5.04
20020607,-0.001546,5.1
20020610,0.003383,5.07
20020611,-0.016831,5.02
20020612,0.006998,4.98
20020613,-0.010477,4.94
20020614,-0.002054,4.83
20020617,0.028663,4.89
20020618,0.000924,4.88
20020619,-0.016437,4.76
20020620,-0.013501,4.85
20020621,-0.01719,4.79
20020624,0.00366,4.87
20020625,-0.016876,4.88
20020626,-0.00212,4.75
20020627,0.017571,4.84
20020628,-0.001056,4.86
20020701,-0.021579,4.85
20020702,-0.020978,4.77
20020703,0.006182,4.78
20020705,0.036595,4.9
20020708,-0.011927,4.84
20020709,-0.02476,4.78
20020710,-0.03339,4.66
20020711,0.007639,4.66
20020712,-0.006274,4.63
20020715,-0.003375,4.66
20020716,-0.018342,4.75
20020717,0.005464,4.71
20020718,-0.027239,4.66
20020719,-0.037928,4.61
20020722,-0.032847,4.51
20020723,-0.026776,4.47
20020724,0.057541,4.49
20020725,-0.005814,4.43
20020726,0.017077,4.43
20020729,0.054307,4.62
20020730,0.004327,4.65
20020731,0.00992,4.51
20020801,-0.029658,4.47
20020802,-0.022838,4.33
20020805,-0.0343,4.29
20020806,0.029969,4.42
20020807,0.020293,4.35
20020808,0.032876,4.4
20020809,0.003703,4.27
20020812,-0.005184,4.22
20020813,-0.021696,4.12
20020814,0.040437,4.06
20020815,0.011664,4.17
20020816,-0.001583,4.32
20020819,0.023686,4.29
20020820,-0.013976,4.17
20020821,0.01284,4.2
20020822,0.014268,4.3
20020823,-0.022789,4.25
20020826,0.007781,4.22
20020827,-0.013999,4.29
20020828,-0.018013,4.22
20020829,-0.000033,4.16
20020830,-0.001847,4.14
20020903,-0.041685,3.98
20020904,0.017916,3.96
20020905,-0.015934,3.91
20020906,0.016837,4.05
20020909,0.010296,4.05
20020910,0.007358,4
20020911,0.000052,4.07
20020912,-0.024614,3.98
20020913,0.003234,3.92
20020916,0.001572,3.9
20020917,-0.019903,3.87
20020918,-0.004449,3.86
20020919,-0.03024,3.79
20020920,0.002421,3.79
20020923,-0.013856,3.7
20020924,-0.017242,3.69
20020925,0.025197,3.77
20020926,0.018286,3.79
20020927,-0.0324,3.69
20020930,-0.014676,3.63
20021001,0.040142,3.72
20021002,-0.023463,3.71
20021003,-0.010939,3.7
20021004,-0.022356,3.69
20021007,-0.018998,3.64
20021008,0.017385,3.65
20021009,-0.02732,3.61
20021010,0.035139,3.68
20021011,0.039184,3.83
20021014,0.007451,3.65
20021015,0.047306,4.07
20021016,-0.023981,4.06
20021017,0.022417,4.16
20021018,0.00595,4.14
20021021,0.0173,4.24
20021022,-0.010559,4.27
20021023,0.00671,4.26
20021024,-0.015268,4.16
20021025,0.017164,4.12
20021028,-0.008141,4.1
20021029,-0.008896,3.97
20021030,0.009984,3.99
20021031,-0.005451,3.93
20021101,0.017241,4.01
20021104,0.008064,4.07
20021105,0.007853,4.1
20021106,0.009268,4.09
20021107,-0.022657,3.88
20021108,-0.008776,3.85
20021111,-0.020847,4.07
20021112,0.007818,3.84
20021113,-0.000251,3.84
20021114,0.024892,4.03
20021115,0.006208,4.05
20021118,-0.010388,4.02
20021119,-0.003942,3.99
20021120,0.019632,4.08
20021121,0.021612,4.14
20021122,-0.003658,4.18
20021125,0.002631,4.19
20021126,-0.02065,4.08
20021127,0.028154,4.26
20021129,-0.002801,4.22
20021202,-0.001923,4.22
20021203,-0.014582,4.24
20021204,-0.003214,4.18
20021205,-0.0121,4.13
20021206,0.006233,4.09
20021209,-0.022088,4.06
20021210,0.01409,4.06
20021211,0.000761,4.01
20021212,-0.003809,4.01
20021213,-0.013341,4.07
20021216,0.023527,4.15
20021217,-0.008152,4.13
20021218,-0.013111,4.06
20021219,-0.007509,3.96
20021220,0.013063,3.97
20021223,0.001769,3.98
20021224,-0.005496,3.95
20021226,-0.003133,3.93
20021227,-0.015639,3.83
20021230,0.004597,3.82
20021231,0.000696,3.83
20030102,0.033246,4.07
20030103,-0.000367,4.05
20030106,0.022472,4.09
20030107,-0.006533,4.04
20030108,-0.013812,4
20030109,0.01938,4.19
20030110,-0.000159,4.16
20030113,-0.001301,4.15
20030114,0.005722,4.1
20030115,-0.014373,4.1
20030116,-0.003915,4.1
20030117,-0.013969,4.05
20030121,-0.015645,4.01
20030122,-0.010349,3.95
20030123,0.009972,3.98
20030124,-0.029159,3.94
20030127,-0.016181,3.98
20030128,0.012975,4
20030129,0.006993,4.06
20030130,-0.022557,4
20030131,0.013113,4
20030203,0.005461,4.01
20030204,-0.013943,3.96
20030205,-0.005392,4.02
20030206,-0.006321,3.97
20030207,-0.009932,3.96
20030210,0.007597,3.99
20030211,-0.008036,3.98
20030212,-0.01223,3.93
20030213,-0.00152,3.89
20030214,0.021282,3.95
20030218,0.019581,3.94
20030219,-0.006785,3.88
20030220,-0.009393,3.85
20030221,0.013112,3.9
20030224,-0.018206,3.86
20030225,0.007138,3.81
20030226,-0.012801,3.78
20030227,0.011728,3.76
20030228,0.004509,3.71
20030303,-0.007534,3.68
20030304,-0.015318,3.65
20030305,0.009855,3.63
20030306,-0.009021,3.67
20030307,0.008279,3.63
20030310,-0.025728,3.59
20030311,-0.008296,3.6
20030312,0.004763,3.6
20030313,0.034451,3.74
20030314,0.001537,3.72
20030317,0.035568,3.82
20030318,0.00435,3.91
20030319,0.008761,3.98
20030320,0.002012,4.01
20030321,0.023012,4.11
20030324,-0.035073,3.98
20030325,0.01211,3.97
20030326,-0.005364,3.96
20030327,-0.001528,3.95
20030328,-0.005695,3.92
20030331,-0.01778,3.83
20030401,0.012179,3.84
20030402,0.026384,3.94
20030403,-0.005007,3.93
20030404,0.002644,3.96
20030407,0.001289,4.03
20030408,-0.001538,3.95
20030409,-0.01395,3.93
20030410,0.006378,3.95
20030411,-0.003608,4
20030414,0.019493,4.04
20030415,0.006465,3.98
20030416,-0.01219,3.96
20030417,0.015607,3.98
20030421,-0.001818,4
20030422,0.021682,4.01
20030423,0.008705,4.02
20030424,-0.008316,3.93
20030425,-0.013862,3.91
20030428,0.018076,3.92
20030429,0.00335,3.96
20030430,-0.000962,3.89
20030501,-0.000452,3.88
20030502,0.015234,3.94
20030505,-0.003538,3.92
20030506,0.008504,3.84
20030507,-0.005106,3.72
20030508,-0.009991,3.7
20030509,0.014479,3.69
20030512,0.012629,3.64
20030513,-0.002764,3.63
20030514,-0.002883,3.53
20030515,0.007774,3.53
20030516,-0.002362,3.46
20030519,-0.024943,3.46
20030520,-0.00114,3.38
20030521,0.004004,3.39
20030522,0.009243,3.34
20030523,0.001544,3.34
20030527,0.019697,3.41
20030528,0.002053,3.44
20030529,-0.003851,3.34
20030530,0.014925,3.37
20030602,0.003332,3.43
20030603,0.00484,3.34
20030604,0.015265,3.3
20030605,0.004117,3.34
20030606,-0.002472,3.37
20030609,-0.011825,3.29
20030610,0.009157,3.2
20030611,0.013183,3.21
20030612,0.000975,3.18
20030613,-0.010008,3.13
20030616,0.022413,3.18
20030617,0.001095,3.27
20030618,-0.001437,3.37
20030619,-0.015104,3.35
20030620,0.001001,3.4
20030623,-0.014234,3.32
20030624,0.00199,3.29
20030625,-0.008161,3.38
20030626,0.010949,3.55
20030627,-0.009802,3.58
20030630,-0.001559,3.54
20030701,0.008154,3.56
20030702,0.011611,3.56
20030703,-0.007889,3.67
20030707,0.018744,3.74
20030708,0.003558,3.75
20030709,-0.005333,3.73
20030710,-0.01337,3.7
20030711,0.009603,3.66
20030714,0.006048,3.74
20030715,-0.003806,3.94
20030716,-0.006115,3.97
20030717,-0.01232,3.98
20030718,0.011728,4
20030721,-0.014638,4.19
20030722,0.009655,4.17
20030723,0.000771,4.12
20030724,-0.007269,4.2
20030725,0.017468,4.22
20030728,-0.002175,4.31
20030729,-0.007285,4.42
20030730,-0.001563,4.34
20030731,0.003175,4.49
20030801,-0.010252,4.44
20030804,0.002728,4.35
20030805,-0.017644,4.47
20030806,0.001924,4.32
20030807,0.007343,4.3
20030808,0.003572,4.27
20030811,0.003208,4.38
20030812,0.010111,4.37
20030813,-0.006115,4.58
20030814,0.006488,4.55
20030815,0.000418,4.55
20030818,0.00933,4.49
20030819,0.002735,4.38
20030820,-0.002009,4.45
20030821,0.003015,4.53
20030822,-0.01019,4.48
20030825,0.000658,4.53
20030826,0.002993,4.5
20030827,0.000334,4.54
20030828,0.006119,4.42
20030829,0.00527,4.45
20030902,0.013941,4.61
20030903,0.004405,4.6
20030904,0.001619,4.52
20030905,-0.006311,4.35
20030908,0.010195,4.41
20030909,-0.00849,4.37
20030910,-0.011686,4.28
20030911,0.005713,4.35
20030912,0.002236,4.27
20030915,-0.00364,4.28
20030916,0.014114,4.29
20030917,-0.003231,4.2
20030918,0.013328,4.19
20030919,-0.002951,4.17
20030922,-0.013256,4.26
20030923,0.005983,4.24
20030924,-0.018881,4.16
20030925,-0.005729,4.12
20030926,-0.00639,4.04
20030929,0.009571,4.09
20030930,-0.010382,3.96
20031001,0.022056,3.96
20031002,0.002432,4.03
20031003,0.00929,4.21
20031006,0.004461,4.17
20031007,0.004694,4.27
20031008,-0.004692,4.27
20031009,0.004844,4.32
20031010,-0.000769,4.29
20031013,0.006812,4.27
20031014,0.003898,4.37
20031015,-0.002594,4.43
20031016,0.003124,4.47
20031017,-0.010132,4.41
20031020,0.005171,4.41
20031021,0.001332,4.38
20031022,-0.0148,4.29
20031023,0.003225,4.34
20031024,-0.004808,4.24
20031027,0.002041,4.3
20031028,0.015162,4.23
20031029,0.001575,4.31
20031030,-0.000914,4.36
20031031,0.00339,4.33
20031103,0.008194,4.4
20031104,-0.005461,4.33
20031105,-0.001016,4.38
20031106,0.005769,4.45
20031107,-0.004391,4.48
20031110,-0.005751,4.49
20031111,-0.000464,4.45
20031112,0.011811,4.44
20031113,-0.00004,4.3
20031114,-0.007441,4.22
20031117,-0.006666,4.18
20031118,-0.008659,4.17
20031119,0.008253,4.24
20031120,-0.008429,4.16
20031121,0.001325,4.15
20031124,0.015991,4.23
20031125,0.002153,4.19
20031126,0.004292,4.25
20031128,0.000257,4.34
20031201,0.010864,4.4
20031202,-0.003141,4.38
20031203,-0.001255,4.41
20031204,0.004582,4.38
20031205,-0.007591,4.23
20031208,0.006946,4.29
20031209,-0.008243,4.32
20031210,-0.000868,4.3
20031211,0.011753,4.27
20031212,0.002678,4.26
20031215,-0.005515,4.28
20031216,0.006368,4.24
20031217,0.001538,4.19
20031218,0.012038,4.16
20031219,-0.000488,4.15
20031222,0.003851,4.18
20031223,0.002831,4.28
20031224,-0.001779,4.2
20031226,0.001659,4.17
20031229,0.012699,4.24
20031230,0.000058,4.29
20031231,0.001977,4.27
20040102,-0.002718,4.38
20040105,0.012364,4.41
20040106,0.001528,4.29
20040107,0.002585,4.27
20040108,0.004679,4.27
20040109,-0.008475,4.11
20040112,0.004793,4.11
20040113,-0.005393,4.05
20040114,0.008278,4.01
20040115,0.001495,3.99
20040116,0.006694,4.04
20040120,-0.000525,4.08
20040121,0.007649,4.05
20040122,-0.003036,3.99
20040123,-0.002351,4.09
20040126,0.012178,4.16
20040127,-0.009621,4.11
20040128,-0.013277,4.22
20040129,0.005016,4.22
20040130,-0.002478,4.16
20040202,0.00364,4.18
20040203,0.000614,4.13
20040204,-0.008127,4.15
20040205,0.002054,4.2
20040206,0.012433,4.12
20040209,-0.002286,4.09
20040210,0.00484,4.13
20040211,0.011368,4.05
20040212,-0.004601,4.1
20040213,-0.005269,4.05
20040217,0.009678,4.05
20040218,-0.004407,4.05
20040219,-0.003957,4.05
20040220,-0.0025,4.1
20040223,-0.00287,4.05
20040224,-0.001514,4.04
20040225,0.00426,4.02
20040226,0.001237,4.05
20040227,-0.000023,3.99
20040301,0.009762,4
20040302,-0.005752,4.05
20040303,0.001919,4.07
20040304,0.003157,4.04
20040305,0.001926,3.85
20040308,-0.00826,3.78
20040309,-0.005721,3.73
20040310,-0.014679,3.74
20040311,-0.014918,3.74
20040312,0.012322,3.78
20040315,-0.01423,3.78
20040316,0.00573,3.7
20040317,0.011729,3.71
20040318,-0.001203,3.76
20040319,-0.0112,3.8
20040322,-0.013048,3.74
20040323,-0.001156,3.73
20040324,-0.002434,3.73
20040325,0.016205,3.75
20040326,-0.000815,3.85
20040329,0.013132,3.91
20040330,0.004023,3.91
20040331,-0.000659,3.86
20040401,0.005424,3.91
20040402,0.008512,4.15
20040405,0.007584,4.24
20040406,-0.001835,4.19
20040407,-0.006451,4.19
20040408,-0.001078,4.21
20040412,0.005075,4.25
20040413,-0.013717,4.35
20040414,-0.001355,4.4
20040415,0.000772,4.42
20040416,0.005128,4.37
20040419,0.000979,4.39
20040420,-0.015488,4.43
20040421,0.0054,4.45
20040422,0.014153,4.4
20040423,0.000457,4.48
20040426,-0.004327,4.46
20040427,0.002277,4.43
20040428,-0.01386,4.5
20040429,-0.007203,4.55
20040430,-0.005701,4.53
20040503,0.009065,4.53
20040504,0.001954,4.56
20040505,0.001962,4.61
20040506,-0.006614,4.63
20040507,-0.013799,4.79
20040510,-0.01045,4.81
20040511,0.007734,4.79
20040512,0.00216,4.83
20040513,-0.000728,4.85
20040514,-0.000652,4.79
20040517,-0.010458,4.7
20040518,0.006922,4.74
20040519,-0.002406,4.79
20040520,0.000429,4.72
20040521,0.004089,4.76
20040524,0.001645,4.75
20040525,0.016007,4.73
20040526,0.001853,4.67
20040527,0.005851,4.6
20040528,-0.000495,4.66
20040601,0.000453,4.71
20040602,0.003755,4.74
20040603,-0.007405,4.71
20040604,0.005301,4.78
20040607,0.015999,4.78
20040608,0.001497,4.78
20040609,-0.009407,4.82
20040610,0.004535,4.81
20040614,-0.009595,4.89
20040615,0.006175,4.69
20040616,0.001322,4.74
20040617,-0.001251,4.71
20040618,0.002568,4.72
20040621,-0.004012,4.7
20040622,0.003691,4.72
20040623,0.008492,4.71
20040624,-0.002716,4.66
20040625,-0.004353,4.66
20040628,-0.002032,4.76
20040629,0.002597,4.7
20040630,0.004081,4.62
20040701,-0.010314,4.57
20040702,-0.00315,4.48
20040706,-0.008059,4.49
20040707,0.002064,4.5
20040708,-0.008176,4.49
20040709,0.00336,4.49
20040712,0.001347,4.46
20040713,0.000891,4.5
20040714,-0.003252,4.5
20040715,-0.004479,4.5
20040716,-0.004617,4.38
20040719,-0.000583,4.38
20040720,0.007021,4.47
20040721,-0.013014,4.5
20040722,0.002476,4.48
20040723,-0.009586,4.45
20040726,-0.001908,4.49
20040727,0.009859,4.62
20040728,0.000861,4.61
20040729,0.004932,4.6
20040730,0.001215,4.5
20040802,0.004189,4.48
20040803,-0.006303,4.45
20040804,-0.000739,4.45
20040805,-0.016296,4.43
20040806,-0.015405,4.24
20040809,0.00123,4.28
20040810,0.012917,4.32
20040811,-0.002377,4.3
20040812,-0.011584,4.27
20040813,0.001654,4.22
20040816,0.013586,4.26
20040817,0.002233,4.21
20040818,0.012678,4.23
20040819,-0.003601,4.22
20040820,0.006546,4.24
20040823,-0.002431,4.28
20040824,0.000513,4.28
20040825,0.008058,4.26
20040826,0.000099,4.22
20040827,0.002605,4.23
20040830,-0.007672,4.19
20040831,0.004626,4.13
20040901,0.001866,4.13
20040902,0.011267,4.2
20040903,-0.004149,4.3
20040907,0.006902,4.26
20040908,-0.00432,4.18
20040909,0.001967,4.22
20040910,0.004951,4.19
20040913,0.001872,4.16
20040914,0.002343,4.15
20040915,-0.00705,4.18
20040916,0.002814,4.08
20040917,0.004516,4.14
20040920,-0.005686,4.07
20040921,0.006354,4.05
20040922,-0.01382,4
20040923,-0.004464,4.02
20040924,0.001552,4.04
20040927,-0.006009,4.01
20040928,0.006142,4.02
20040929,0.004333,4.1
20040930,-0.000249,4.14
20041001,0.015042,4.21
20041004,0.00345,4.19
20041005,-0.000651,4.18
20041006,0.007019,4.23
20041007,-0.009879,4.26
20041008,-0.007454,4.15
20041011,0.001978,4.19
20041012,-0.00234,4.12
20041013,-0.007265,4.09
20041014,-0.00929,4.03
20041015,0.004392,4.07
20041018,0.005151,4.07
20041019,-0.009663,4.07
20041020,0.000547,4.01
20041021,0.002661,4.01
20041022,-0.009728,4
20041025,-0.000867,3.99
20041026,0.01472,4.01
20041027,0.013171,4.11
20041028,0.001992,4.09
20041029,0.002484,4.05
20041101,0.000382,4.11
20041102,0.0001,4.1
20041103,0.011265,4.09
20041104,0.016264,4.1
20041105,0.00398,4.21
20041108,-0.001069,4.22
20041109,-0.000257,4.22
20041110,-0.000856,4.25
20041111,0.009059,4.22
20041112,0.00898,4.2
20041115,0.000014,4.2
20041116,-0.006985,4.21
20041117,0.005632,4.14
20041118,0.0013,4.12
20041119,-0.011029,4.2
20041122,0.005811,4.18
20041123,-0.000215,4.19
20041124,0.004204,4.2
20041126,0.00082,4.24
20041129,-0.003267,4.34
20041130,-0.00393,4.36
20041201,0.015123,4.38
20041202,-0.000894,4.4
20041203,0.000744,4.27
20041206,-0.000699,4.24
20041207,-0.010808,4.23
20041208,0.004761,4.14
20041209,0.005408,4.19
20041210,-0.001076,4.16
20041213,0.009072,4.16
20041214,0.003944,4.14
20041215,0.002063,4.09
20041216,-0.002021,4.19
20041217,-0.007143,4.21
20041220,0.000029,4.21
20041221,0.009052,4.18
20041222,0.003746,4.21
20041223,0.00053,4.23
20041227,-0.004327,4.3
20041228,0.007054,4.31
20041229,0.000177,4.33
20041230,0.000114,4.27
20041231,-0.001332,4.24
20050103,-0.008183,4.23
20050104,-0.011433,4.29
20050105,-0.003554,4.29
20050106,0.003732,4.29
20050107,-0.001434,4.29
20050110,0.003391,4.29
20050111,-0.006016,4.26
20050112,0.004448,4.25
20050113,-0.008636,4.2
20050114,0.006056,4.23
20050118,0.00976,4.21
20050119,-0.009411,4.2
20050120,-0.007726,4.17
20050121,-0.006536,4.16
20050124,-0.003465,4.14
20050125,0.003904,4.2
20050126,0.004918,4.21
20050127,0.000607,4.22
20050128,-0.002654,4.16
20050131,0.00853,4.14
20050201,0.006962,4.15
20050202,0.003312,4.15
20050203,-0.002412,4.18
20050204,0.011111,4.09
20050207,-0.001094,4.07
20050208,0.000797,4.05
20050209,-0.008406,4
20050210,0.004295,4.07
20050211,0.007176,4.1
20050214,0.000858,4.08
20050215,0.003244,4.1
20050216,0.000143,4.16
20050217,-0.007787,4.19
20050218,0.000722,4.27
20050222,-0.014434,4.29
20050223,0.005704,4.27
20050224,0.008175,4.29
20050225,0.009481,4.27
20050228,-0.006486,4.36
20050301,0.005575,4.38
20050302,0.000169,4.38
20050303,0.00038,4.39
20050304,0.009669,4.32
20050307,0.002533,4.31
20050308,-0.004759,4.38
20050309,-0.009975,4.52
20050310,0.001724,4.48
20050311,-0.007113,4.56
20050314,0.00553,4.52
20050315,-0.007464,4.54
20050316,-0.00799,4.52
20050317,0.001737,4.47
20050318,-0.000502,4.51
20050321,-0.004879,4.53
20050322,-0.01008,4.63
20050323,0.000719,4.61
20050324,-0.000851,4.6
20050328,0.002432,4.64
20050329,-0.007431,4.6
20050330,0.013874,4.56
20050331,-0.000626,4.5
20050401,-0.006551,4.46
20050404,0.003059,4.47
20050405,0.004415,4.48
20050406,0.002461,4.44
20050407,0.005962,4.49
20050408,-0.008262,4.5
20050411,0,4.45
20050412,0.005602,4.38
20050413,-0.011597,4.38
20050414,-0.009979,4.37
20050415,-0.016666,4.27
20050418,0.002891,4.27
20050419,0.00601,4.21
20050420,-0.0131,4.22
20050421,0.019396,4.32
20050422,-0.006543,4.26
20050425,0.00857,4.26
20050426,-0.008713,4.28
20050427,0.004134,4.25
20050428,-0.011232,4.19
20050429,0.011924,4.21
20050502,0.004631,4.21
20050503,-0.000665,4.21
20050504,0.012439,4.2
20050505,-0.002367,4.19
20050506,-0.001131,4.28
20050509,0.006458,4.29
20050510,-0.010715,4.23
20050511,0.004677,4.21
20050512,-0.010012,4.18
20050513,-0.004432,4.12
20050516,0.010269,4.13
20050517,0.006984,4.12
20050518,0.0103,4.07
20050519,0.004722,4.11
20050520,-0.001613,4.13
20050523,0.003976,4.07
20050524,0.000168,4.04
20050525,-0.003358,4.08
20050526,0.006507,4.08
20050527,0.001139,4.08
20050531,-0.006018,4
20050601,0.009253,3.91
20050602,0.001899,3.89
20050603,-0.006863,3.98
20050606,0.001293,3.96
20050607,-0.000229,3.92
20050608,-0.00203,3.95
20050609,0.005391,3.98
20050610,-0.002336,4.05
20050613,0.002484,4.09
20050614,0.002762,4.13
20050615,0.002341,4.12
20050616,0.003619,4.09
20050617,0.004866,4.09
20050620,-0.000713,4.11
20050621,-0.002065,4.06
20050622,0.000284,3.95
20050623,-0.010609,3.96
20050624,-0.00759,3.92
20050627,-0.000732,3.9
20050628,0.009353,3.97
20050629,-0.001211,3.99
20050630,-0.007188,3.94
20050701,0.002837,4.06
20050705,0.009006,4.11
20050706,-0.008072,4.08
20050707,0.002497,4.05
20050708,0.011644,4.11
20050711,0.00632,4.11
20050712,0.002328,4.15
20050713,0.000997,4.17
20050714,0.002641,4.19
20050715,0.001158,4.18
20050718,-0.005506,4.22
20050719,0.00683,4.2
20050720,0.00473,4.17
20050721,-0.006551,4.28
20050722,0.005308,4.23
20050725,-0.003734,4.25
20050726,0.001625,4.24
20050727,0.004746,4.27
20050728,0.005865,4.2
20050729,-0.007682,4.28
20050801,0.000921,4.32
20050802,0.007203,4.34
20050803,0.000961,4.3
20050804,-0.007454,4.32
20050805,-0.007581,4.4
20050808,-0.00269,4.42
20050809,0.006739,4.41
20050810,-0.001457,4.4
20050811,0.007087,4.32
20050812,-0.005901,4.24
20050815,0.002988,4.27
20050816,-0.011863,4.23
20050817,0.000947,4.28
20050818,-0.000896,4.21
20050819,0.000645,4.21
20050822,0.001575,4.22
20050823,-0.0034,4.2
20050824,-0.006496,4.19
20050825,0.002298,4.18
20050826,-0.005893,4.2
20050829,0.006146,4.2
20050830,-0.003062,4.16
20050831,0.010118,4.02
20050901,0.001168,4.02
20050902,-0.002892,4.03
20050906,0.012683,4.09
20050907,0.002605,4.15
20050908,-0.003834,4.15
20050909,0.007993,4.14
20050912,-0.000658,4.18
20050913,-0.007329,4.14
20050914,-0.003321,4.17
20050915,0.000424,4.22
20050916,0.008104,4.26
20050919,-0.005403,4.25
20050920,-0.007778,4.26
20050921,-0.009393,4.19
20050922,0.003907,4.19
20050923,0.000566,4.25
20050926,0.000305,4.3
20050927,0.000079,4.3
20050928,0.001166,4.26
20050929,0.008925,4.29
20050930,0.001059,4.34
20051003,-0.001686,4.39
20051004,-0.00981,4.38
20051005,-0.014432,4.36
20051006,-0.004147,4.37
20051007,0.003787,4.35
20051010,-0.00714,4.37
20051011,-0.001928,4.39
20051012,-0.005934,4.45
20051013,-0.000623,4.48
20051014,0.008247,4.48
20051017,0.003047,4.5
20051018,-0.00996,4.49
20051019,0.01502,4.47
20051020,-0.015011,4.46
20051021,0.001616,4.39
20051024,0.016779,4.45
20051025,-0.002479,4.54
20051026,-0.004176,4.6
20051027,-0.010418,4.57
20051028,0.01658,4.58
20051031,0.007511,4.57
20051101,-0.003382,4.58
20051102,0.010144,4.61
20051103,0.004592,4.65
20051104,0.000277,4.66
20051107,0.002369,4.65
20051108,-0.002964,4.57
20051109,0.001656,4.64
20051110,0.008832,4.55
20051111,0.003027,4.64
20051114,-0.000716,4.61
20051115,-0.003739,4.56
20051116,0.002052,4.49
20051117,0.009395,4.46
20051118,0.004443,4.5
20051121,0.005291,4.46
20051122,0.005053,4.43
20051123,0.003624,4.47
20051125,0.002014,4.43
20051128,-0.008404,4.41
20051129,0.000076,4.48
20051130,-0.006012,4.49
20051201,0.012035,4.52
20051202,0.000414,4.52
20051205,-0.002464,4.57
20051206,0.001262,4.49
20051207,-0.004769,4.52
20051208,-0.001017,4.47
20051209,0.002859,4.54
20051212,0.001008,4.56
20051213,0.005631,4.54
20051214,0.004246,4.45
20051215,-0.001405,4.47
20051216,-0.002829,4.45
20051219,-0.005893,4.45
20051220,-0.00032,4.47
20051221,0.002485,4.49
20051222,0.004371,4.44
20051223,0.000513,4.38
20051227,-0.00953,4.34
20051228,0.001441,4.38
20051229,-0.002898,4.37
20051230,-0.004988,4.39
20060103,0.016342,4.37
20060104,0.003929,4.36
20060105,0.00003,4.36
20060106,0.009558,4.38
20060109,0.00371,4.38
20060110,-0.000341,4.43
20060111,0.003636,4.46
20060112,-0.006328,4.42
20060113,0.001146,4.36
20060117,-0.003728,4.34
20060118,-0.003854,4.34
20060119,0.005627,4.38
20060120,-0.018241,4.37
20060123,0.00195,4.36
20060124,0.002344,4.4
20060125,-0.001664,4.49
20060126,0.00731,4.53
20060127,0.007845,4.52
20060130,0.001335,4.54
20060131,-0.004011,4.53
20060201,0.00196,4.57
20060202,-0.008613,4.57
20060203,-0.005509,4.54
20060206,0.00066,4.55
20060207,-0.008058,4.57
20060208,0.009058,4.56
20060209,-0.001368,4.54
20060210,0.002512,4.59
20060213,-0.003194,4.58
20060214,0.010232,4.62
20060215,0.003883,4.61
20060216,0.007384,4.59
20060217,-0.001742,4.54
20060221,-0.003292,4.57
20060222,0.007578,4.53
20060223,-0.00342,4.56
20060224,0.001314,4.58
20060227,0.00384,4.59
20060228,-0.010478,4.55
20060301,0.008457,4.59
20060302,-0.001631,4.64
20060303,-0.001352,4.68
20060306,-0.006979,4.74
20060307,-0.001836,4.74
20060308,0.002283,4.73
20060309,-0.004849,4.74
20060310,0.00739,4.76
20060313,0.002234,4.77
20060314,0.010363,4.71
20060315,0.004471,4.73
20060316,0.002011,4.65
20060317,0.001535,4.68
20060320,-0.001426,4.66
20060321,-0.006015,4.71
20060322,0.005919,4.7
20060323,-0.002579,4.73
20060324,0.000929,4.67
20060327,-0.001102,4.7
20060328,-0.006381,4.79
20060329,0.007607,4.81
20060330,-0.002015,4.86
20060331,-0.00406,4.86
20060403,0.002187,4.88
20060404,0.006185,4.87
20060405,0.004393,4.84
20060406,-0.001739,4.9
20060407,-0.01041,4.97
20060410,0.000812,4.97
20060411,-0.007571,4.93
20060412,0.001395,4.98
20060413,0.000549,5.05
20060417,-0.002936,5.01
20060418,0.017268,4.99
20060419,0.001975,5.04
20060420,0.001144,5.04
20060421,-0.000263,5.01
20060424,-0.002285,4.99
20060425,-0.004814,5.07
20060426,0.002912,5.12
20060427,0.003428,5.09
20060428,0.00013,5.07
20060501,-0.00403,5.14
20060502,0.006031,5.12
20060503,-0.00381,5.15
20060504,0.003361,5.16
20060505,0.010378,5.12
20060508,-0.000732,5.12
20060509,0.000369,5.13
20060510,-0.001231,5.13
20060511,-0.012812,5.14
20060512,-0.011258,5.19
20060515,0.002776,5.15
20060516,-0.001848,5.1
20060517,-0.016619,5.16
20060518,-0.006328,5.08
20060519,0.004042,5.05
20060522,-0.003819,5.04
20060523,-0.004235,5.07
20060524,0.0018,5.03
20060525,0.011691,5.07
20060526,0.005726,5.06
20060530,-0.015789,5.09
20060531,0.008296,5.12
20060601,0.012175,5.11
20060602,0.001792,5
20060605,-0.017655,5.02
20060606,-0.001243,5.01
20060607,-0.005803,5.02
20060608,0.001489,5
20060609,-0.004422,4.98
20060612,-0.012678,4.99
20060613,-0.009978,4.97
20060614,0.005326,5.05
20060615,0.021335,5.1
20060616,-0.003563,5.13
20060619,-0.008887,5.14
20060620,-0.000005,5.15
20060621,0.009863,5.16
20060622,-0.005087,5.2
20060623,-0.000932,5.23
20060626,0.004782,5.25
20060627,-0.009043,5.21
20060628,0.005639,5.25
20060629,0.021357,5.22
20060630,-0.001923,5.15
20060703,0.007765,5.15
20060705,-0.007198,5.23
20060706,0.002673,5.19
20060707,-0.006819,5.14
20060710,0.001586,5.13
20060711,0.004022,5.1
20060712,-0.010929,5.1
20060713,-0.013011,5.08
20060714,-0.00501,5.07
20060717,-0.00141,5.07
20060718,0.001943,5.13
20060719,0.018575,5.06
20060720,-0.008438,5.03
20060721,-0.006876,5.05
20060724,0.016571,5.05
20060725,0.006597,5.07
20060726,-0.000387,5.04
20060727,-0.004176,5.07
20060728,0.012279,5
20060731,-0.001446,4.99
20060801,-0.004591,4.99
20060802,0.006216,4.96
20060803,0.001721,4.96
20060804,-0.00053,4.91
20060807,-0.002774,4.93
20060808,-0.003224,4.93
20060809,-0.004192,4.92
20060810,0.004944,4.93
20060811,-0.003862,4.97
20060814,0.001336,5
20060815,0.013633,4.93
20060816,0.007743,4.87
20060817,0.001772,4.87
20060818,0.003713,4.84
20060821,-0.003634,4.82
20060822,0.000837,4.82
20060823,-0.004445,4.82
20060824,0.002327,4.81
20060825,-0.000648,4.79
20060828,0.005286,4.8
20060829,0.002227,4.79
20060830,0.000458,4.76
20060831,-0.000215,4.74
20060901,0.005495,4.73
20060905,0.001805,4.78
20060906,-0.009614,4.8
20060907,-0.004711,4.8
20060908,0.003973,4.78
20060911,0.000631,4.8
20060912,0.010463,4.78
20060913,0.004132,4.77
20060914,-0.001123,4.79
20060915,0.00267,4.8
20060918,0.000979,4.81
20060919,-0.002129,4.74
20060920,0.005368,4.73
20060921,-0.005158,4.65
20060922,-0.002552,4.6
20060925,0.008747,4.56
20060926,0.007516,4.59
20060927,0.000458,4.6
20060928,0.001996,4.63
20060929,-0.002545,4.64
20061002,-0.003403,4.62
20061003,0.002115,4.62
20061004,0.012186,4.57
20061005,0.002456,4.61
20061006,-0.002665,4.7
20061009,0.000847,4.62
20061010,0.002046,4.75
20061011,-0.002461,4.78
20061012,0.009524,4.79
20061013,0.002007,4.81
20061016,0.002565,4.79
20061017,-0.003709,4.78
20061018,0.001526,4.77
20061019,0.000659,4.79
20061020,0.001425,4.79
20061023,0.006463,4.83
20061024,0.000291,4.83
20061025,0.003275,4.78
20061026,0.00514,4.73
20061027,-0.008419,4.68
20061030,0.000386,4.68
20061031,-0.000015,4.61
20061101,-0.007139,4.57
20061102,-0.000248,4.6
20061103,-0.002315,4.72
20061106,0.011245,4.71
20061107,0.002231,4.66
20061108,0.002306,4.64
20061109,-0.005224,4.62
20061110,0.001826,4.59
20061113,0.002777,4.61
20061114,0.006538,4.57
20061115,0.00272,4.61
20061116,0.002256,4.66
20061117,0.000995,4.61
20061120,-0.000435,4.6
20061121,0.001679,4.58
20061122,0.002671,4.57
20061124,-0.003604,4.55
20061127,-0.013792,4.54
20061128,0.003569,4.51
20061129,0.009591,4.52
20061130,0.000785,4.46
20061201,-0.003007,4.43
20061204,0.009022,4.43
20061205,0.003997,4.45
20061206,-0.001066,4.48
20061207,-0.003949,4.49
20061208,0.00185,4.56
20061211,0.002274,4.52
20061212,-0.001092,4.49
20061213,0.001403,4.58
20061214,0.008789,4.6
20061215,0.001105,4.6
20061218,-0.003338,4.6
20061219,0.002107,4.6
20061220,-0.001365,4.6
20061221,-0.003446,4.55
20061222,-0.005147,4.63
20061226,0.004361,4.61
20061227,0.007192,4.66
20061228,-0.001451,4.7
20061229,-0.004457,4.71
20070103,-0.000564,4.67
20070104,0.001261,4.62
20070105,-0.00612,4.65
20070108,0.002546,4.66
20070109,-0.000375,4.66
20070110,0.002039,4.69
20070111,0.006529,4.74
20070112,0.004775,4.77
20070116,0.000817,4.75
20070117,-0.000864,4.79
20070118,-0.002971,4.75
20070119,0.002904,4.78
20070122,-0.005187,4.76
20070123,0.003398,4.81
20070124,0.008468,4.81
20070125,-0.011027,4.87
20070126,-0.001189,4.88
20070129,-0.001004,4.9
20070130,0.005686,4.88
20070131,0.006774,4.83
20070201,0.005568,4.84
20070202,0.001682,4.83
20070205,-0.000834,4.81
20070206,0.000685,4.77
20070207,0.001834,4.74
20070208,-0.001081,4.73
20070209,-0.006948,4.79
20070212,-0.003257,4.8
20070213,0.007643,4.82
20070214,0.007753,4.74
20070215,0.001291,4.7
20070216,-0.000821,4.69
20070220,0.003142,4.68
20070221,-0.001342,4.69
20070222,-0.000633,4.73
20070223,-0.003514,4.68
20070226,-0.001029,4.63
20070227,-0.034485,4.5
20070228,0.005525,4.56
20070301,-0.00244,4.56
20070302,-0.011395,4.52
20070305,-0.009372,4.51
20070306,0.015521,4.53
20070307,-0.002256,4.5
20070308,0.007116,4.51
20070309,0.000661,4.59
20070312,0.002718,4.56
20070313,-0.020177,4.5
20070314,0.006684,4.53
20070315,0.003798,4.54
20070316,-0.003768,4.55
20070319,0.010897,4.58
20070320,0.006342,4.56
20070321,0.017155,4.53
20070322,-0.000291,4.6
20070323,0.001041,4.62
20070326,0.000892,4.6
20070327,-0.006174,4.62
20070328,-0.007799,4.62
20070329,0.003753,4.64
20070330,-0.0011,4.65
20070402,0.002639,4.65
20070403,0.009583,4.67
20070404,0.001116,4.66
20070405,0.003259,4.68
20070409,0.000647,4.75
20070410,0.002507,4.73
20070411,-0.006686,4.74
20070412,0.006138,4.74
20070413,0.00339,4.76
20070416,0.010951,4.74
20070417,0.002094,4.69
20070418,0.000639,4.66
20070419,-0.001267,4.68
20070420,0.009388,4.68
20070423,-0.002352,4.66
20070424,-0.000419,4.63
20070425,0.010188,4.66
20070426,-0.000542,4.69
20070427,-0.000027,4.71
20070430,-0.00783,4.63
20070501,0.002661,4.64
20070502,0.006539,4.65
20070503,0.004588,4.68
20070504,0.002098,4.65
20070507,0.002619,4.64
20070508,-0.001141,4.63
20070509,0.003426,4.67
20070510,-0.013742,4.65
20070511,0.009678,4.67
20070514,-0.001727,4.69
20070515,-0.001277,4.71
20070516,0.008796,4.71
20070517,-0.000852,4.76
20070518,0.006584,4.81
20070521,0.001498,4.79
20070522,-0.000637,4.83
20070523,-0.001249,4.86
20070524,-0.009527,4.86
20070525,0.005485,4.86
20070529,0.001739,4.88
20070530,0.008322,4.88
20070531,0.000319,4.9
20070601,0.003901,4.95
20070604,0.00214,4.93
20070605,-0.005426,4.98
20070606,-0.00857,4.97
20070607,-0.017533,5.11
20070608,0.011377,5.12
20070611,0.000883,5.14
20070612,-0.010667,5.26
20070613,0.015382,5.2
20070614,0.004732,5.23
20070615,0.006464,5.16
20070618,-0.001188,5.15
20070619,0.001676,5.09
20070620,-0.013529,5.14
20070621,0.006269,5.16
20070622,-0.012753,5.14
20070625,-0.003234,5.09
20070626,-0.003169,5.1
20070627,0.009234,5.09
20070628,-0.000429,5.12
20070629,-0.001595,5.03
20070702,0.010805,5
20070703,0.003776,5.05
20070705,0.000333,5.16
20070706,0.003705,5.19
20070709,0.000926,5.16
20070710,-0.01428,5.03
20070711,0.005829,5.09
20070712,0.019051,5.13
20070713,0.003154,5.11
20070716,-0.001888,5.05
20070717,-0.000097,5.08
20070718,-0.002109,5.02
20070719,0.004601,5.04
20070720,-0.012254,4.96
20070723,0.004819,4.97
20070724,-0.019564,4.94
20070725,0.004563,4.92
20070726,-0.023315,4.79
20070727,-0.015889,4.8
20070730,0.010091,4.82
20070731,-0.012557,4.78
20070801,0.007326,4.76
20070802,0.004757,4.77
20070803,-0.026444,4.71
20070806,0.024111,4.72
20070807,0.006064,4.77
20070808,0.014572,4.84
20070809,-0.029118,4.79
20070810,0.00001,4.81
20070813,-0.000311,4.78
20070814,-0.018291,4.73
20070815,-0.013532,4.69
20070816,0.003333,4.6
20070817,0.02441,4.68
20070820,-0.000262,4.64
20070821,0.001135,4.6
20070822,0.011771,4.63
20070823,-0.001222,4.62
20070824,0.011753,4.63
20070827,-0.008455,4.6
20070828,-0.023371,4.53
20070829,0.022193,4.57
20070830,-0.00418,4.51
20070831,0.011208,4.54
20070904,0.010443,4.56
20070905,-0.011057,4.48
20070906,0.004379,4.51
20070907,-0.016838,4.38
20070910,-0.001328,4.34
20070911,0.013675,4.37
20070912,0.000287,4.41
20070913,0.008455,4.49
20070914,0.000331,4.47
20070917,-0.005169,4.48
20070918,0.029183,4.5
20070919,0.006238,4.53
20070920,-0.006498,4.69
20070921,0.004666,4.64
20070924,-0.005194,4.63
20070925,-0.000402,4.63
20070926,0.005507,4.63
20070927,0.003962,4.58
20070928,-0.002974,4.59
20071001,0.013262,4.56
20071002,-0.00009,4.54
20071003,-0.00428,4.55
20071004,0.002152,4.54
20071005,0.00983,4.65
20071008,-0.003065,4.55
20071009,0.00808,4.67
20071010,-0.001538,4.65
20071011,-0.005054,4.66
20071012,0.004717,4.7
20071015,-0.008458,4.69
20071016,-0.00658,4.66
20071017,0.001907,4.57
20071018,-0.0007,4.52
20071019,-0.025577,4.41
20071022,0.003966,4.42
20071023,0.008696,4.41
20071024,-0.002509,4.36
20071025,-0.000747,4.37
20071026,0.013967,4.41
20071029,0.003904,4.39
20071030,-0.006263,4.4
20071031,0.012031,4.48
20071101,-0.026073,4.36
20071102,0.00088,4.31
20071105,-0.004966,4.35
20071106,0.012033,4.38
20071107,-0.0286,4.34
20071108,-0.000801,4.28
20071109,-0.014318,4.23
20071112,-0.009815,4.34
20071113,0.029566,4.26
20071114,-0.006765,4.28
20071115,-0.012991,4.17
20071116,0.005201,4.15
20071119,-0.01735,4.07
20071120,0.004562,4.06
20071121,-0.01578,4
20071123,0.016915,4.01
20071126,-0.022845,3.83
20071127,0.014739,3.95
20071128,0.02887,4.03
20071129,0.00046,3.94
20071130,0.007727,3.97
20071203,-0.005862,3.89
20071204,-0.006331,3.89
20071205,0.01604,3.92
20071206,0.015108,4.02
20071207,-0.001808,4.12
20071210,0.007554,4.15
20071211,-0.025225,3.98
20071212,0.006178,4.05
20071213,0.001339,4.18
20071214,-0.01367,4.24
20071217,-0.014936,4.2
20071218,0.0063,4.14
20071219,-0.001252,4.06
20071220,0.005175,4.04
20071221,0.016818,4.18
20071224,0.00813,4.23
20071226,0.000699,4.3
20071227,-0.013925,4.21
20071228,0.0015,4.11
20071231,-0.006913,4.04
20080102,-0.014101,3.91
20080103,0.000023,3.91
20080104,-0.024441,3.88
20080107,0.003272,3.86
20080108,-0.017673,3.86
20080109,0.013316,3.82
20080110,0.007985,3.91
20080111,-0.013669,3.82
20080114,0.010698,3.81
20080115,-0.024854,3.72
20080116,-0.005303,3.74
20080117,-0.028556,3.66
20080118,-0.006033,3.66
20080122,-0.010822,3.52
20080123,0.021236,3.51
20080124,0.009971,3.68
20080125,-0.015847,3.61
20080128,0.017471,3.61
20080129,0.006035,3.69
20080130,-0.004937,3.78
20080131,0.015601,3.67
20080201,0.01363,3.62
20080204,-0.010493,3.68
20080205,-0.031705,3.61
20080206,-0.0073,3.61
20080207,0.008207,3.74
20080208,-0.004224,3.64
20080211,0.006015,3.62
20080212,0.007298,3.66
20080213,0.013863,3.7
20080214,-0.013525,3.85
20080215,0.000772,3.76
20080219,-0.000976,3.89
20080220,0.008412,3.93
20080221,-0.01244,3.77
20080222,0.00787,3.79
20080225,0.013771,3.91
20080226,0.007119,3.88
20080227,-0.000776,3.85
20080228,-0.008876,3.71
20080229,-0.026967,3.53
20080303,0.000476,3.54
20080304,-0.003316,3.63
20080305,0.00559,3.7
20080306,-0.021705,3.62
20080307,-0.008193,3.56
20080310,-0.015371,3.46
20080311,0.037144,3.6
20080312,-0.008508,3.49
20080313,0.005206,3.56
20080314,-0.020563,3.44
20080317,-0.009003,3.34
20080318,0.04222,3.48
20080319,-0.023939,3.38
20080320,0.024392,3.34
20080324,0.015094,3.56
20080325,0.002309,3.51
20080326,-0.008732,3.51
20080327,-0.011302,3.56
20080328,-0.007949,3.47
20080331,0.005616,3.45
20080401,0.035878,3.57
20080402,-0.001677,3.6
20080403,0.001268,3.61
20080404,0.000764,3.5
20080407,0.001513,3.57
20080408,-0.004715,3.58
20080409,-0.007899,3.49
20080410,0.004569,3.55
20080411,-0.020155,3.49
20080414,-0.0032,3.53
20080415,0.004797,3.6
20080416,0.022642,3.72
20080417,0.000673,3.75
20080418,0.017938,3.77
20080421,-0.001447,3.75
20080422,-0.008698,3.74
20080423,0.003079,3.77
20080424,0.00642,3.87
20080425,0.006094,3.91
20080428,-0.001158,3.86
20080429,-0.003706,3.85
20080430,-0.00407,3.77
20080501,0.017263,3.78
20080502,0.003031,3.89
20080505,-0.004496,3.88
20080506,0.007543,3.93
20080507,-0.017481,3.87
20080508,0.003668,3.79
20080509,-0.006376,3.77
20080512,0.011258,3.78
20080513,-0.000318,3.9
20080514,0.004261,3.92
20080515,0.010659,3.83
20080516,0.001171,3.85
20080519,0.000893,3.83
20080520,-0.009346,3.78
20080521,-0.016013,3.81
20080522,0.002939,3.92
20080523,-0.01303,3.85
20080527,0.006962,3.93
20080528,0.004128,4.03
20080529,0.00549,4.08
20080530,0.001511,4.06
20080602,-0.010524,3.98
20080603,-0.005598,3.92
20080604,0.000215,3.98
20080605,0.019662,4.06
20080606,-0.030672,3.94
20080609,0.000949,4.02
20080610,-0.002208,4.11
20080611,-0.016778,4.1
20080612,0.003623,4.23
20080613,0.015005,4.27
20080616,0.000123,4.25
20080617,-0.006806,4.23
20080618,-0.009685,4.16
20080619,0.004087,4.22
20080620,-0.018584,4.16
20080623,0.000079,4.19
20080624,-0.002672,4.1
20080625,0.006073,4.12
20080626,-0.028951,4.07
20080627,-0.003753,3.99
20080630,0.001144,3.99
20080701,0.004101,4.01
20080702,-0.017992,3.99
20080703,0.001075,3.99
20080707,-0.008092,3.95
20080708,0.017643,3.91
20080709,-0.022656,3.85
20080710,0.007102,3.83
20080711,-0.010979,3.96
20080714,-0.008835,3.9
20080715,-0.010527,3.87
20080716,0.025064,3.97
20080717,0.011808,4.07
20080718,-0.000099,4.11
20080721,-0.000663,4.09
20080722,0.013658,4.14
20080723,0.003984,4.16
20080724,-0.022925,4.03
20080725,0.004255,4.13
20080728,-0.018448,4.06
20080729,0.023487,4.09
20080730,0.016534,4.07
20080731,-0.012839,3.99
20080801,-0.005623,3.97
20080804,-0.008737,3.98
20080805,0.028818,4.04
20080806,0.00406,4.06
20080807,-0.018041,3.92
20080808,0.023915,3.94
20080811,0.007276,3.99
20080812,-0.011639,3.91
20080813,-0.00278,3.94
20080814,0.005535,3.89
20080815,0.004286,3.84
20080818,-0.014872,3.82
20080819,-0.009214,3.83
20080820,0.006187,3.79
20080821,0.00249,3.84
20080822,0.011538,3.87
20080825,-0.019459,3.79
20080826,0.003619,3.79
20080827,0.008053,3.77
20080828,0.014869,3.79
20080829,-0.013721,3.83
20080902,-0.003892,3.74
20080903,-0.001604,3.71
20080904,-0.02962,3.64
20080905,0.004572,3.66
20080908,0.020415,3.66
20080909,-0.03359,3.62
20080910,0.00603,3.65
20080911,0.014305,3.64
20080912,0.001924,3.74
20080915,-0.046417,3.47
20080916,0.017108,3.48
20080917,-0.047027,3.41
20080918,0.042867,3.54
20080919,0.040156,3.78
20080922,-0.037926,3.83
20080923,-0.015318,3.85
20080924,-0.001766,3.8
20080925,0.019586,3.88
20080926,0.003484,3.85
20080929,-0.087087,3.61
20080930,0.053987,3.85
20081001,-0.004515,3.77
20081002,-0.039694,3.66
20081003,-0.013309,3.63
20081006,-0.037788,3.48
20081007,-0.058158,3.5
20081008,-0.010852,3.72
20081009,-0.075734,3.84
20081010,-0.011174,3.89
20081013,0.115129,3.72
20081014,-0.006052,4.08
20081015,-0.089963,4.04
20081016,0.043349,3.99
20081017,-0.006221,3.98
20081020,0.047039,3.91
20081021,-0.030627,3.76
20081022,-0.059076,3.65
20081023,0.010965,3.63
20081024,-0.034157,3.76
20081027,-0.031779,3.79
20081028,0.10724,3.89
20081029,-0.011463,3.93
20081030,0.027035,4
20081031,0.015319,4.01
20081103,-0.002754,3.96
20081104,0.04026,3.81
20081105,-0.051925,3.73
20081106,-0.04946,3.75
20081107,0.029011,3.83
20081110,-0.012278,3.82
20081111,-0.021958,3.81
20081112,-0.051133,3.75
20081113,0.068893,3.84
20081114,-0.041756,3.72
20081117,-0.025816,3.68
20081118,0.010164,3.53
20081119,-0.060607,3.38
20081120,-0.065964,3.1
20081121,0.063255,3.2
20081124,0.063418,3.35
20081125,0.006564,3.11
20081126,0.035613,2.99
20081128,0.009108,2.93
20081201,-0.088632,2.72
20081202,0.039422,2.68
20081203,0.026509,2.67
20081204,-0.028669,2.55
20081205,0.037059,2.67
20081208,0.03799,2.77
20081209,-0.022993,2.67
20081210,0.011764,2.69
20081211,-0.028225,2.64
20081212,0.007138,2.6
20081215,-0.012723,2.53
20081216,0.051,2.37
20081217,-0.009406,2.2
20081218,-0.020668,2.08
20081219,0.003024,2.13
20081222,-0.017844,2.16
20081223,-0.009531,2.18
20081224,0.006205,2.2
20081226,0.005217,2.16
20081229,-0.00381,2.13
20081230,0.024398,2.11
20081231,0.014131,2.25
20090102,0.031761,2.46
20090105,-0.004636,2.49
20090106,0.007638,2.51
20090107,-0.029294,2.52
20090108,0.002718,2.47
20090109,-0.020917,2.43
20090112,-0.022315,2.34
20090113,0.002039,2.33
20090114,-0.033126,2.24
20090115,0.001564,2.23
20090116,0.007781,2.36
20090120,-0.052247,2.4
20090121,0.042629,2.56
20090122,-0.015311,2.62
20090123,0.005171,2.65
20090126,0.005588,2.7
20090127,0.010901,2.59
20090128,0.033121,2.71
20090129,-0.032553,2.87
20090130,-0.022669,2.87
20090202,-0.000561,2.76
20090203,0.016112,2.89
20090204,-0.006878,2.95
20090205,0.016832,2.95
20090206,0.027222,3.05
20090209,0.001328,3.07
20090210,-0.048566,2.9
20090211,0.008565,2.78
20090212,0.002087,2.75
20090213,-0.010061,2.89
20090217,-0.044385,2.64
20090218,-0.000199,2.74
20090219,-0.01121,2.85
20090220,-0.010918,2.78
20090223,-0.03462,2.78
20090224,0.039571,2.8
20090225,-0.010665,2.95
20090226,-0.015826,2.98
20090227,-0.022813,3.02
20090302,-0.046123,2.91
20090303,-0.006363,2.93
20090304,0.023934,3.01
20090305,-0.041599,2.83
20090306,0.001256,2.83
20090309,-0.009898,2.89
20090310,0.062793,2.99
20090311,0.002968,2.95
20090312,0.040657,2.89
20090313,0.007563,2.89
20090316,-0.003904,2.97
20090317,0.032028,3.02
20090318,0.020635,2.51
20090319,-0.012424,2.61
20090320,-0.019346,2.65
20090323,0.07033,2.68
20090324,-0.018541,2.68
20090325,0.007886,2.81
20090326,0.023394,2.76
20090327,-0.019026,2.78
20090330,-0.035222,2.73
20090331,0.013143,2.71
20090401,0.016712,2.68
20090402,0.02854,2.77
20090403,0.009786,2.91
20090406,-0.008214,2.95
20090407,-0.023262,2.93
20090408,0.011775,2.86
20090409,0.037105,2.96
20090413,0.002745,2.88
20090414,-0.01982,2.8
20090415,0.012109,2.82
20090416,0.015556,2.86
20090417,0.004765,2.98
20090420,-0.042135,2.88
20090421,0.020999,2.94
20090422,-0.007495,2.98
20090423,0.010041,2.96
20090424,0.01658,3.03
20090427,-0.00989,2.95
20090428,-0.002899,3.05
20090429,0.021661,3.12
20090430,-0.000906,3.16
20090501,0.004942,3.21
20090504,0.033089,3.19
20090505,-0.003355,3.2
20090506,0.017047,3.18
20090507,-0.0132,3.29
20090508,0.023641,3.29
20090511,-0.020491,3.17
20090512,-0.000724,3.17
20090513,-0.026245,3.11
20090514,0.010117,3.1
20090515,-0.011213,3.14
20090518,0.030394,3.22
20090519,-0.001501,3.25
20090520,-0.004993,3.19
20090521,-0.016312,3.35
20090522,-0.001219,3.45
20090526,0.026212,3.5
20090527,-0.018747,3.71
20090528,0.015331,3.67
20090529,0.013552,3.47
20090601,0.025957,3.71
20090602,0.001893,3.65
20090603,-0.013036,3.56
20090604,0.011331,3.72
20090605,-0.002298,3.84
20090608,-0.000884,3.91
20090609,0.003606,3.86
20090610,-0.003454,3.98
20090611,0.005926,3.88
20090612,0.001513,3.81
20090615,-0.023676,3.76
20090616,-0.012557,3.67
20090617,-0.001058,3.68
20090618,0.00839,3.86
20090619,0.003153,3.79
20090622,-0.029761,3.72
20090623,0.002037,3.65
20090624,0.006795,3.72
20090625,0.02137,3.55
20090626,-0.001578,3.52
20090629,0.008951,3.51
20090630,-0.008363,3.53
20090701,0.004366,3.55
20090702,-0.028866,3.51
20090706,0.002452,3.52
20090707,-0.019498,3.47
20090708,-0.000849,3.33
20090709,0.003317,3.44
20090710,-0.004008,3.32
20090713,0.024724,3.38
20090714,0.005305,3.5
20090715,0.029502,3.63
20090716,0.008569,3.59
20090717,-0.000444,3.67
20090720,0.011461,3.61
20090721,0.003641,3.5
20090722,-0.000315,3.58
20090723,0.022961,3.72
20090724,0.002755,3.7
20090727,0.002713,3.75
20090728,-0.002438,3.72
20090729,-0.004232,3.69
20090730,0.011931,3.67
20090731,0.000594,3.52
20090803,0.015215,3.66
20090804,0.002984,3.7
20090805,-0.002714,3.8
20090806,-0.005597,3.79
20090807,0.013266,3.89
20090810,-0.003304,3.8
20090811,-0.011987,3.71
20090812,0.011798,3.72
20090813,0.007025,3.59
20090814,-0.008445,3.55
20090817,-0.023926,3.48
20090818,0.010187,3.51
20090819,0.007059,3.45
20090820,0.010558,3.42
20090821,0.018416,3.56
20090824,-0.000583,3.48
20090825,0.002407,3.45
20090826,0.00029,3.44
20090827,0.002485,3.47
20090828,-0.001989,3.46
20090831,-0.007871,3.4
20090901,-0.021739,3.38
20090902,-0.003071,3.29
20090903,0.008764,3.33
20090904,0.012966,3.45
20090908,0.008913,3.47
20090909,0.007755,3.48
20090910,0.010279,3.36
20090911,-0.001161,3.34
20090914,0.006243,3.42
20090915,0.003038,3.47
20090916,0.015149,3.48
20090917,-0.002853,3.42
20090918,0.002624,3.49
20090921,-0.003233,3.49
20090922,0.006615,3.46
20090923,-0.01007,3.44
20090924,-0.009156,3.4
20090925,-0.006292,3.34
20090928,0.017754,3.31
20090929,-0.00222,3.31
20090930,-0.003401,3.31
20091001,-0.025416,3.21
20091002,-0.004416,3.24
20091005,0.014663,3.24
20091006,0.01369,3.27
20091007,0.003153,3.21
20091008,0.007513,3.27
20091009,0.005545,3.4
20091012,0.004357,3.27
20091013,-0.002409,3.34
20091014,0.01743,3.45
20091015,0.00397,3.49
20091016,-0.007959,3.43
20091019,0.009393,3.41
20091020,-0.006263,3.35
20091021,-0.008705,3.42
20091022,0.010585,3.44
20091023,-0.011542,3.51
20091026,-0.011538,3.59
20091027,-0.003531,3.49
20091028,-0.019478,3.44
20091029,0.02241,3.53
20091030,-0.027946,3.41
20091102,0.006402,3.45
20091103,0.002456,3.5
20091104,0.00133,3.57
20091105,0.019499,3.57
20091106,0.002607,3.54
20091109,0.022363,3.52
20091110,0.000229,3.5
20091111,0.005054,3.54
20091112,-0.009921,3.45
20091113,0.005801,3.43
20091116,0.014478,3.33
20091117,0.001241,3.33
20091118,-0.000216,3.36
20091119,-0.013166,3.35
20091120,-0.003328,3.36
20091123,0.013635,3.37
20091124,-0.000588,3.32
20091125,0.004628,3.28
20091127,-0.01698,3.21
20091130,0.003926,3.21
20091201,0.012002,3.28
20091202,0.000517,3.32
20091203,-0.008319,3.39
20091204,0.005461,3.48
20091207,-0.002519,3.44
20091208,-0.010203,3.4
20091209,0.00366,3.45
20091210,0.006023,3.49
20091211,0.003802,3.55
20091214,0.006696,3.56
20091215,-0.005645,3.6
20091216,0.000944,3.61
20091217,-0.011886,3.5
20091218,0.006278,3.55
20091221,0.010349,3.69
20091222,0.003565,3.76
20091223,0.002687,3.77
20091224,0.005245,3.82
20091228,0.001421,3.85
20091229,-0.001191,3.82
20091230,0.000206,3.8
20091231,-0.010167,3.85
20100104,0.01597,3.85
20100105,0.003066,3.77
20100106,0.000907,3.85
20100107,0.003898,3.85
20100108,0.002791,3.83
20100111,0.001724,3.85
20100112,-0.009159,3.74
20100113,0.008434,3.8
20100114,0.002369,3.76
20100115,-0.010708,3.7
20100119,0.012443,3.73
20100120,-0.010489,3.68
20100121,-0.018772,3.62
20100122,-0.021872,3.62
20100125,0.004539,3.66
20100126,-0.004003,3.65
20100127,0.004791,3.66
20100128,-0.011755,3.68
20100129,-0.009675,3.63
20100201,0.014002,3.68
20100202,0.012781,3.67
20100203,-0.004936,3.73
20100204,-0.031009,3.62
20100205,0.003003,3.59
20100208,-0.008497,3.62
20100209,0.012927,3.67
20100210,-0.002047,3.72
20100211,0.009736,3.73
20100212,-0.00256,3.69
20100216,0.018243,3.66
20100217,0.004566,3.74
20100218,0.006558,3.79
20100219,0.001968,3.78
20100222,-0.000985,3.8
20100223,-0.012151,3.69
20100224,0.009932,3.7
20100225,-0.001729,3.64
20100226,0.00137,3.61
20100301,0.01,3.61
20100302,0.002319,3.62
20100303,0.00038,3.63
20100304,0.003904,3.61
20100305,0.013974,3.69
20100308,0.000172,3.72
20100309,0.001957,3.71
20100310,0.004814,3.73
20100311,0.004561,3.73
20100312,-0.000333,3.71
20100315,0.000609,3.71
20100316,0.007972,3.66
20100317,0.005804,3.65
20100318,-0.000355,3.68
20100319,-0.005298,3.7
20100322,0.00532,3.67
20100323,0.007378,3.69
20100324,-0.00549,3.84
20100325,-0.001429,3.91
20100326,0.00076,3.86
20100329,0.005651,3.88
20100330,0.00017,3.88
20100331,-0.003287,3.84
20100401,0.007302,3.89
20100405,0.008022,4.01
20100406,0.001781,3.98
20100407,-0.005259,3.89
20100408,0.003583,3.91
20100409,0.006607,3.9
20100412,0.00186,3.87
20100413,0.000747,3.84
20100414,0.011312,3.88
20100415,0.000686,3.86
20100416,-0.016104,3.79
20100419,0.004719,3.83
20100420,0.008129,3.82
20100421,-0.000906,3.77
20100422,0.002404,3.8
20100423,0.006917,3.84
20100426,-0.004458,3.83
20100427,-0.02327,3.71
20100428,0.006419,3.8
20100429,0.013003,3.76
20100430,-0.016708,3.69
20100503,0.012927,3.72
20100504,-0.023775,3.63
20100505,-0.0061,3.58
20100506,-0.032201,3.41
20100507,-0.015477,3.45
20100510,0.043619,3.57
20100511,-0.003092,3.56
20100512,0.014099,3.56
20100513,-0.012071,3.55
20100514,-0.018848,3.44
20100517,0.001267,3.47
20100518,-0.013955,3.38
20100519,-0.005121,3.36
20100520,-0.038569,3.25
20100521,0.014701,3.2
20100524,-0.012638,3.23
20100525,0.000262,3.18
20100526,-0.005595,3.21
20100527,0.033149,3.34
20100528,-0.012146,3.31
20100601,-0.017027,3.29
20100602,0.025802,3.35
20100603,0.004262,3.39
20100604,-0.034767,3.2
20100607,-0.013255,3.17
20100608,0.010932,3.18
20100609,-0.0057,3.2
20100610,0.029205,3.33
20100611,0.004718,3.24
20100614,-0.001693,3.28
20100615,0.023316,3.32
20100616,-0.000659,3.27
20100617,0.001307,3.21
20100618,0.00128,3.24
20100621,-0.003953,3.26
20100622,-0.015842,3.18
20100623,-0.002993,3.13
20100624,-0.0169,3.14
20100625,0.002986,3.12
20100628,-0.002106,3.05
20100629,-0.031166,2.97
20100630,-0.010013,2.97
20100701,-0.002911,2.96
20100702,-0.004509,3
20100706,0.005406,2.95
20100707,0.031502,3
20100708,0.009588,3.04
20100709,0.007205,3.07
20100712,0.000925,3.08
20100713,0.015524,3.15
20100714,-0.00011,3.07
20100715,0.001109,3
20100716,-0.028703,2.96
20100719,0.005974,2.99
20100720,0.011599,2.98
20100721,-0.012708,2.9
20100722,0.022421,2.96
20100723,0.008242,3.02
20100726,0.011116,3.03
20100727,-0.001083,3.08
20100728,-0.006875,3.03
20100729,-0.004041,3.03
20100730,0.000056,2.94
20100802,0.021847,2.99
20100803,-0.004813,2.94
20100804,0.006417,2.98
20100805,-0.001333,2.94
20100806,-0.003445,2.86
20100809,0.005515,2.86
20100810,-0.00597,2.79
20100811,-0.027435,2.72
20100812,-0.005483,2.74
20100813,-0.003902,2.68
20100816,0.000195,2.58
20100817,0.012525,2.64
20100818,0.001444,2.64
20100819,-0.016935,2.58
20100820,-0.003539,2.62
20100823,-0.003789,2.6
20100824,-0.014424,2.5
20100825,0.003523,2.54
20100826,-0.007759,2.5
20100827,0.01656,2.66
20100830,-0.014556,2.54
20100831,-0.000067,2.47
20100901,0.029898,2.58
20100902,0.009295,2.63
20100903,0.013217,2.72
20100907,-0.011149,2.61
20100908,0.006537,2.66
20100909,0.004791,2.77
20100910,0.004883,2.81
20100913,0.011574,2.74
20100914,-0.000482,2.68
20100915,0.003594,2.74
20100916,-0.000121,2.77
20100917,0.001005,2.75
20100920,0.015202,2.72
20100921,-0.002731,2.61
20100922,-0.004449,2.56
20100923,-0.008258,2.56
20100924,0.020923,2.62
20100927,-0.005518,2.54
20100928,0.005024,2.48
20100929,-0.002404,2.52
20100930,-0.003101,2.53
20101001,0.00445,2.54
20101004,-0.007918,2.5
20101005,0.020519,2.5
20101006,0.000064,2.41
20101007,-0.001618,2.41
20101008,0.006125,2.41
20101011,0.000207,2.41
20101012,0.003756,2.44
20101013,0.007272,2.46
20101014,-0.003865,2.52
20101015,0.002134,2.59
20101018,0.007368,2.52
20101019,-0.015835,2.5
20101020,0.010449,2.51
20101021,0.002,2.57
20101022,0.002272,2.59
20101025,0.00228,2.59
20101026,0.000284,2.67
20101027,-0.002547,2.75
20101028,0.001307,2.69
20101029,-0.000142,2.63
20101101,0.00074,2.66
20101102,0.007736,2.63
20101103,0.003861,2.67
20101104,0.01933,2.53
20101105,0.003984,2.58
20101108,-0.002,2.6
20101109,-0.007598,2.72
20101110,0.004364,2.65
20101111,-0.004139,2.6
20101112,-0.011796,2.76
20101115,-0.001374,2.92
20101116,-0.015729,2.85
20101117,0.000274,2.89
20101118,0.015284,2.9
20101119,0.002599,2.88
20101122,-0.001372,2.8
20101123,-0.014258,2.77
20101124,0.015003,2.93
20101126,-0.007258,2.87
20101129,-0.001085,2.84
20101130,-0.005854,2.81
20101201,0.021595,2.97
20101202,0.012844,3.01
20101203,0.002709,3.03
20101206,-0.001162,2.95
20101207,0.000655,3.15
20101208,0.003878,3.26
20101209,0.00398,3.23
20101210,0.00613,3.32
20101213,0.000224,3.29
20101214,0.001005,3.49
20101215,-0.004986,3.53
20101216,0.006158,3.47
20101217,0.001119,3.33
20101220,0.002346,3.36
20101221,0.006134,3.35
20101222,0.003422,3.36
20101223,-0.001591,3.41
20101227,0.000807,3.36
20101228,0.000765,3.5
20101229,0.001216,3.35
20101230,-0.001459,3.38
20101231,-0.000271,3.3
20110103,0.011325,3.36
20110104,-0.001236,3.36
20110105,0.005164,3.5
20110106,-0.001715,3.44
20110107,-0.001755,3.34
20110110,-0.001549,3.32
20110111,0.003829,3.37
20110112,0.009032,3.4
20110113,-0.001697,3.34
20110114,0.007206,3.35
20110118,0.001383,3.39
20110119,-0.00996,3.37
20110120,-0.001058,3.47
20110121,0.002205,3.44
20110124,0.005643,3.43
20110125,0.0004,3.35
20110126,0.00433,3.45
20110127,0.002442,3.42
20110128,-0.017916,3.36
20110131,0.007465,3.42
20110201,0.016542,3.48
20110202,-0.00247,3.52
20110203,0.002366,3.58
20110204,0.002751,3.68
20110207,0.006562,3.68
20110208,0.004593,3.75
20110209,-0.00273,3.65
20110210,0.000744,3.7
20110211,0.005651,3.64
20110214,0.00241,3.62
20110215,-0.003153,3.61
20110216,0.006311,3.62
20110217,0.003255,3.58
20110218,0.001846,3.59
20110222,-0.020693,3.46
20110223,-0.006134,3.49
20110224,-0.000795,3.46
20110225,0.010296,3.42
20110228,0.00512,3.42
20110301,-0.015713,3.41
20110302,0.002,3.46
20110303,0.017027,3.58
20110304,-0.00728,3.49
20110307,-0.008307,3.51
20110308,0.00911,3.56
20110309,-0.001122,3.48
20110310,-0.018764,3.37
20110311,0.007394,3.4
20110314,-0.005894,3.36
20110315,-0.011073,3.33
20110316,-0.019374,3.22
20110317,0.012992,3.25
20110318,0.004214,3.28
20110321,0.015058,3.34
20110322,-0.003353,3.34
20110323,0.002916,3.36
20110324,0.009368,3.42
20110325,0.003189,3.46
20110328,-0.002774,3.47
20110329,0.007224,3.5
20110330,0.00672,3.47
20110331,-0.001745,3.47
20110401,0.00489,3.46
20110404,0.000419,3.45
20110405,0.000088,3.5
20110406,0.002602,3.56
20110407,-0.001498,3.58
20110408,-0.004034,3.59
20110411,-0.002773,3.59
20110412,-0.007576,3.52
20110413,0.000442,3.49
20110414,0.000048,3.51
20110415,0.003814,3.43
20110418,-0.011038,3.4
20110419,0.005612,3.39
20110420,0.013576,3.43
20110421,0.005122,3.42
20110425,-0.001708,3.39
20110426,0.008955,3.34
20110427,0.006536,3.39
20110428,0.003556,3.34
20110429,0.002302,3.32
20110502,-0.00174,3.31
20110503,-0.003341,3.28
20110504,-0.006527,3.25
20110505,-0.008979,3.18
20110506,0.00392,3.19
20110509,0.004444,3.17
20110510,0.008069,3.23
20110511,-0.010324,3.19
20110512,0.005203,3.22
20110513,-0.008049,3.18
20110516,-0.006157,3.15
20110517,-0.000167,3.12
20110518,0.008827,3.18
20110519,0.002355,3.17
20110520,-0.007732,3.15
20110523,-0.01192,3.13
20110524,-0.000953,3.12
20110525,0.003019,3.13
20110526,0.004271,3.07
20110527,0.004343,3.07
20110531,0.010535,3.05
20110601,-0.022642,2.96
20110602,-0.001226,3.04
20110603,-0.009755,2.99
20110606,-0.010634,3.01
20110607,-0.000794,3.01
20110608,-0.004053,2.98
20110609,0.007452,3.01
20110610,-0.013762,2.99
20110613,0.000999,3
20110614,0.012595,3.11
20110615,-0.017561,2.98
20110616,0.001957,2.93
20110617,0.00305,2.94
20110620,0.005522,2.97
20110621,0.013557,2.99
20110622,-0.006441,3.01
20110623,-0.002695,2.93
20110624,-0.011903,2.88
20110627,0.009232,2.95
20110628,0.013162,3.05
20110629,0.008388,3.14
20110630,0.010084,3.18
20110701,0.014493,3.22
20110705,-0.001209,3.16
20110706,0.001503,3.12
20110707,0.010678,3.17
20110708,-0.006843,3.03
20110711,-0.018032,2.94
20110712,-0.00443,2.92
20110713,0.003165,2.92
20110714,-0.006812,2.98
20110715,0.005592,2.94
20110718,-0.008152,2.94
20110719,0.016329,2.91
20110720,-0.000564,2.96
20110721,0.013494,3.03
20110722,0.000963,2.99
20110725,-0.00561,3.03
20110726,-0.00389,2.99
20110727,-0.020252,3.01
20110728,-0.003164,2.98
20110729,-0.006379,2.82
20110801,-0.004214,2.77
20110802,-0.025575,2.66
20110803,0.005456,2.64
20110804,-0.047724,2.47
20110805,-0.000673,2.58
20110808,-0.066532,2.4
20110809,0.04742,2.2
20110810,-0.043752,2.17
20110811,0.046185,2.34
20110812,0.005184,2.24
20110815,0.021687,2.29
20110816,-0.00912,2.23
20110817,0.001028,2.17
20110818,-0.044371,2.08
20110819,-0.014923,2.07
20110822,0.000358,2.1
20110823,0.034443,2.15
20110824,0.013181,2.29
20110825,-0.01556,2.23
20110826,0.015294,2.19
20110829,0.028404,2.28
20110830,0.002626,2.19
20110831,0.0051,2.23
20110901,-0.011889,2.15
20110902,-0.0251,2.02
20110906,-0.00728,1.98
20110907,0.029,2.05
20110908,-0.010623,2
20110909,-0.02663,1.93
20110912,0.007052,1.94
20110913,0.009622,2
20110914,0.013544,2.03
20110915,0.017299,2.09
20110916,0.00578,2.08
20110919,-0.009721,1.97
20110920,-0.001807,1.95
20110921,-0.029176,1.88
20110922,-0.032018,1.72
20110923,0.006359,1.84
20110926,0.023156,1.91
20110927,0.010557,2
20110928,-0.02029,2.03
20110929,0.007898,1.99
20110930,-0.024876,1.92
20111003,-0.028377,1.8
20111004,0.02253,1.81
20111005,0.018252,1.92
20111006,0.018482,2.01
20111007,-0.007989,2.1
20111010,0.034093,1.92
20111011,0.000591,2.18
20111012,0.009968,2.24
20111013,-0.002927,2.19
20111014,0.017325,2.26
20111017,-0.019308,2.18
20111018,0.020517,2.19
20111019,-0.012532,2.18
20111020,0.004446,2.2
20111021,0.018774,2.23
20111024,0.013028,2.25
20111025,-0.020036,2.14
20111026,0.010239,2.23
20111027,0.034398,2.42
20111028,0.000422,2.34
20111031,-0.024819,2.17
20111101,-0.027867,2.01
20111102,0.016246,2.03
20111103,0.018892,2.09
20111104,-0.006251,2.06
20111107,0.006382,2.04
20111108,0.012425,2.1
20111109,-0.036672,2
20111110,0.008642,2.04
20111111,0.019601,2.04
20111114,-0.009364,2.04
20111115,0.004751,2.06
20111116,-0.016475,2.01
20111117,-0.016845,1.96
20111118,-0.000391,2.01
20111121,-0.018651,1.97
20111122,-0.004026,1.94
20111123,-0.021966,1.89
20111125,-0.002483,1.97
20111128,0.02921,1.97
20111129,0.002616,2
20111130,0.043306,2.08
20111201,-0.001804,2.11
20111202,-0.000335,2.05
20111205,0.01046,2.04
20111206,0.001126,2.08
20111207,0.002277,2.02
20111208,-0.021145,1.99
20111209,0.016952,2.07
20111212,-0.014884,2.03
20111213,-0.008641,1.96
20111214,-0.011194,1.92
20111215,0.003335,1.92
20111216,0.003289,1.86
20111219,-0.011844,1.82
20111220,0.029901,1.94
20111221,0.001647,1.98
20111222,0.008384,1.97
20111223,0.009031,2.03
20111227,-0.000069,2.02
20111228,-0.012235,1.93
20111229,0.010645,1.91
20111230,-0.004231,1.89
20120103,0.015377,1.97
20120104,0.000388,2
20120105,0.002898,2.02
20120106,-0.002191,1.98
20120109,0.00233,1.98
20120110,0.008934,2
20120111,0.000413,1.93
20120112,0.002413,1.94
20120113,-0.004854,1.89
20120117,0.003456,1.87
20120118,0.011388,1.92
20120119,0.005104,2.01
20120120,0.00079,2.05
20120123,0.00043,2.09
20120124,-0.000915,2.08
20120125,0.008514,2.01
20120126,-0.005659,1.96
20120127,-0.001511,1.93
20120130,-0.002354,1.87
20120131,-0.000399,1.83
20120201,0.009247,1.87
20120202,0.001258,1.86
20120203,0.014701,1.97
20120206,-0.000504,1.93
20120207,0.001982,2
20120208,0.002557,2.01
20120209,0.001659,2.04
20120210,-0.00698,1.96
20120213,0.006931,1.99
20120214,-0.000729,1.92
20120215,-0.005095,1.93
20120216,0.011271,1.99
20120217,0.002396,2.01
20120221,0.000416,2.05
20120222,-0.003431,2.01
20120223,0.004499,1.99
20120224,0.001959,1.98
20120227,0.001445,1.92
20120228,0.003637,1.94
20120229,-0.004445,1.98
20120301,0.006162,2.03
20120302,-0.003038,1.99
20120305,-0.00373,2
20120306,-0.015343,1.96
20120307,0.007335,1.98
20120308,0.009749,2.03
20120309,0.003565,2.04
20120312,0.000226,2.04
20120313,0.018365,2.14
20120314,-0.001188,2.29
20120315,0.006003,2.29
20120316,0.001059,2.31
20120319,0.003783,2.39
20120320,-0.002845,2.38
20120321,-0.001866,2.31
20120322,-0.007125,2.29
20120323,0.003121,2.25
20120326,0.013912,2.26
20120327,-0.002597,2.2
20120328,-0.004715,2.21
20120329,-0.001632,2.18
20120330,0.00373,2.23
20120402,0.007407,2.22
20120403,-0.003787,2.3
20120404,-0.010034,2.25
20120405,-0.000117,2.19
20120409,-0.011358,2.06
20120410,-0.017067,2.01
20120411,0.007588,2.05
20120412,0.013798,2.08
20120413,-0.01242,2.02
20120416,-0.00045,2
20120417,0.015507,2.03
20120418,-0.003952,2
20120419,-0.005824,1.98
20120420,0.00137,1.99
20120423,-0.008769,1.96
20120424,0.003327,2
20120425,0.013675,2.01
20120426,0.007023,1.98
20120427,0.002703,1.96
20120430,-0.003841,1.95
20120501,0.005573,1.98
20120502,-0.002329,1.96
20120503,-0.00757,1.96
20120504,-0.016202,1.91
20120507,0.000175,1.92
20120508,-0.004166,1.88
20120509,-0.006242,1.87
20120510,0.002691,1.89
20120511,-0.003215,1.84
20120514,-0.011019,1.78
20120515,-0.005451,1.76
20120516,-0.004271,1.76
20120517,-0.014673,1.7
20120518,-0.007276,1.71
20120521,0.016123,1.75
20120522,0.000573,1.79
20120523,0.001839,1.73
20120524,0.001519,1.77
20120525,-0.00208,1.75
20120529,0.011299,1.74
20120530,-0.014079,1.63
20120531,-0.002107,1.59
20120601,-0.024708,1.47
20120604,0.000295,1.53
20120605,0.005835,1.57
20120606,0.023073,1.66
20120607,0.000014,1.66
20120608,0.008371,1.65
20120611,-0.012739,1.6
20120612,0.011654,1.67
20120613,-0.006675,1.61
20120614,0.01073,1.64
20120615,0.010421,1.6
20120618,0.001494,1.59
20120619,0.009845,1.64
20120620,-0.001449,1.65
20120621,-0.02209,1.63
20120622,0.00708,1.69
20120625,-0.015577,1.63
20120626,0.004758,1.66
20120627,0.008995,1.65
20120628,-0.002167,1.6
20120629,0.025165,1.67
20120702,0.002405,1.61
20120703,0.006713,1.65
20120705,-0.004557,1.62
20120706,-0.009039,1.57
20120709,-0.001629,1.53
20120710,-0.008019,1.53
20120711,-0.00002,1.54
20120712,-0.00503,1.5
20120713,0.016617,1.52
20120716,-0.002319,1.5
20120717,0.007375,1.53
20120718,0.006779,1.52
20120719,0.002712,1.54
20120720,-0.009819,1.49
20120723,-0.009045,1.47
20120724,-0.009039,1.44
20120725,-0.000342,1.43
20120726,0.016661,1.45
20120727,0.019238,1.58
20120730,-0.000306,1.53
20120731,-0.004437,1.51
20120801,-0.003073,1.56
20120802,-0.007161,1.51
20120803,0.019034,1.6
20120806,0.002376,1.59
20120807,0.005174,1.66
20120808,0.001014,1.68
20120809,0.000757,1.69
20120810,0.002143,1.65
20120813,-0.001029,1.65
20120814,0.000231,1.73
20120815,0.001656,1.8
20120816,0.006944,1.83
20120817,0.00186,1.81
20120820,-0.000025,1.82
20120821,-0.003603,1.8
20120822,0.00025,1.71
20120823,-0.007941,1.68
20120824,0.006713,1.68
20120827,-0.000408,1.65
20120828,-0.000706,1.64
20120829,0.001133,1.66
20120830,-0.007663,1.63
20120831,0.005188,1.57
20120904,-0.000936,1.59
20120905,-0.000866,1.6
20120906,0.02038,1.68
20120907,0.00401,1.67
20120910,-0.006136,1.68
20120911,0.003175,1.7
20120912,0.002337,1.77
20120913,0.016295,1.75
20120914,0.004019,1.88
20120917,-0.003166,1.85
20120918,-0.001285,1.82
20120919,0.00121,1.79
20120920,-0.00045,1.8
20120921,-0.000179,1.77
20120924,-0.002032,1.74
20120925,-0.010525,1.7
20120926,-0.005536,1.64
20120927,0.009581,1.66
20120928,-0.004484,1.65
20121001,0.002764,1.64
20121002,0.000982,1.64
20121003,0.003885,1.64
20121004,0.00725,1.7
20121005,-0.000007,1.75
20121008,-0.003299,1.64
20121009,-0.009926,1.74
20121010,-0.005926,1.72
20121011,0.000421,1.7
20121012,-0.002788,1.69
20121015,0.008097,1.7
20121016,0.010141,1.75
20121017,0.004166,1.83
20121018,-0.00245,1.86
20121019,-0.01652,1.79
20121022,0.000409,1.83
20121023,-0.014309,1.79
20121024,-0.003034,1.8
20121025,0.002777,1.86
20121026,-0.000458,1.78
20121031,0.000391,1.72
20121101,0.010576,1.75
20121102,-0.009219,1.75
20121105,0.002231,1.72
20121106,0.008003,1.78
20121107,-0.022644,1.68
20121108,-0.012236,1.62
20121109,0.001589,1.61
20121112,0.000099,1.68
20121113,-0.003716,1.59
20121114,-0.013501,1.59
20121115,-0.001847,1.58
20121116,0.004933,1.58
20121119,0.019683,1.61
20121120,0.000789,1.66
20121121,0.002384,1.69
20121123,0.013213,1.7
20121126,-0.002008,1.66
20121127,-0.005096,1.64
20121128,0.008316,1.63
20121129,0.004408,1.62
20121130,0.000344,1.62
20121203,-0.004831,1.63
20121204,-0.00152,1.62
20121205,0.001923,1.6
20121206,0.003442,1.59
20121207,0.003084,1.64
20121210,0.00038,1.63
20121211,0.006462,1.66
20121212,0.000242,1.72
20121213,-0.005975,1.74
20121214,-0.003964,1.72
20121217,0.011723,1.78
20121218,0.011496,1.84
20121219,-0.007328,1.82
20121220,0.005499,1.81
20121221,-0.009196,1.77
20121224,-0.002297,1.79
20121226,-0.004901,1.77
20121227,-0.001007,1.74
20121228,-0.010917,1.73
20121231,0.016572,1.78
20130102,0.025611,1.86
20130103,-0.002199,1.92
20130104,0.004998,1.93
20130107,-0.003084,1.92
20130108,-0.002897,1.89
20130109,0.002726,1.88
20130110,0.007413,1.91
20130111,0.000174,1.89
20130114,-0.000932,1.89
20130115,0.001299,1.86
20130116,0.000271,1.84
20130117,0.005619,1.89
20130118,0.00351,1.87
20130122,0.004398,1.86
20130123,0.001432,1.86
20130124,0.000273,1.88
20130125,0.005407,1.98
20130128,-0.001824,2
20130129,0.004958,2.03
20130130,-0.003316,2.03
20130131,-0.002475,2.02
20130201,0.010003,2.04
20130204,-0.011541,2
20130205,0.010499,2.04
20130206,0.000737,2
20130207,-0.001367,1.99
20130208,0.005602,1.99
20130211,-0.00057,1.99
20130212,0.001607,2.02
20130213,0.001055,2.05
20130214,0.00065,2
20130215,-0.00119,2.01
20130219,0.007348,2.03
20130220,-0.012237,2.02
20130221,-0.005934,1.99
20130222,0.008917,1.97
20130225,-0.018226,1.88
20130226,0.00626,1.88
20130227,0.012895,1.91
20130228,-0.000953,1.89
20130301,0.002466,1.86
20130304,0.004884,1.88
20130305,0.009513,1.9
20130306,0.00135,1.95
20130307,0.001911,2
20130308,0.004463,2.06
20130311,0.003298,2.07
20130312,-0.002195,2.03
20130313,0.001664,2.04
20130314,0.005496,2.04
20130315,-0.001658,2.01
20130318,-0.005454,1.96
20130319,-0.00236,1.92
20130320,0.006788,1.96
20130321,-0.008486,1.95
20130322,0.007151,1.93
20130325,-0.00332,1.93
20130326,0.008095,1.92
20130327,-0.000461,1.87
20130328,0.004015,1.87
20130401,-0.004271,1.86
20130402,0.005018,1.88
20130403,-0.010349,1.83
20130404,0.004128,1.78
20130405,-0.004222,1.72
20130408,0.006677,1.76
20130409,0.003805,1.78
20130410,0.012105,1.84
20130411,0.003536,1.82
20130412,-0.002725,1.75
20130415,-0.022745,1.72
20130416,0.014195,1.75
20130417,-0.014184,1.73
20130418,-0.006677,1.72
20130419,0.008839,1.73
20130422,0.004653,1.72
20130423,0.010427,1.74
20130424,0.000123,1.73
20130425,0.0042,1.74
20130426,-0.001881,1.7
20130429,0.0071,1.7
20130430,0.002534,1.7
20130501,-0.009213,1.66
20130502,0.009456,1.66
20130503,0.010695,1.78
20130506,0.001785,1.8
20130507,0.005245,1.82
20130508,0.004475,1.81
20130509,-0.003264,1.81
20130510,0.004434,1.9
20130513,0.000144,1.92
20130514,0.010441,1.96
20130515,0.005529,1.94
20130516,-0.004957,1.87
20130517,0.010277,1.95
20130520,-0.00068,1.97
20130521,0.001665,1.94
20130522,-0.008264,2.03
20130523,-0.002871,2.02
20130524,-0.000402,2.01
20130528,0.006402,2.15
20130529,-0.007039,2.13
20130530,0.003664,2.13
20130531,-0.014153,2.16
20130603,0.006028,2.13
20130604,-0.005431,2.14
20130605,-0.013435,2.1
20130606,0.008539,2.08
20130607,0.012915,2.17
20130610,-0.00031,2.22
20130611,-0.01023,2.2
20130612,-0.008146,2.25
20130613,0.014841,2.19
20130614,-0.005876,2.14
20130617,0.007613,2.19
20130618,0.007811,2.2
20130619,-0.013912,2.33
20130620,-0.024876,2.41
20130621,0.002351,2.52
20130624,-0.011854,2.57
20130625,0.009489,2.6
20130626,0.00984,2.55
20130627,0.006371,2.49
20130628,-0.004367,2.52
20130701,0.005481,2.5
20130702,-0.000412,2.48
20130703,0.000831,2.52
20130705,0.010113,2.73
20130708,0.005695,2.65
20130709,0.007262,2.65
20130710,0.000236,2.7
20130711,0.013691,2.6
20130712,0.003009,2.61
20130715,0.001522,2.57
20130716,-0.003745,2.55
20130717,0.00283,2.52
20130718,0.005012,2.56
20130719,0.001503,2.5
20130722,0.002035,2.5
20130723,-0.00175,2.53
20130724,-0.003726,2.61
20130725,0.0025,2.61
20130726,0.000813,2.58
20130729,-0.003651,2.61
20130730,0.000527,2.63
20130731,-0.000104,2.6
20130801,0.012504,2.74
20130802,0.001666,2.63
20130805,-0.001412,2.67
20130806,-0.005701,2.67
20130807,-0.003545,2.61
20130808,0.004056,2.58
20130809,-0.003307,2.57
20130812,-0.001138,2.61
20130813,0.002888,2.71
20130814,-0.004962,2.71
20130815,-0.014269,2.77
20130816,-0.003337,2.84
20130819,-0.005888,2.88
20130820,0.00387,2.82
20130821,-0.005602,2.87
20130822,0.008594,2.9
20130823,0.004166,2.82
20130826,-0.00402,2.79
20130827,-0.015764,2.72
20130828,0.002691,2.78
20130829,0.002221,2.75
20130830,-0.002944,2.78
20130903,0.004108,2.86
20130904,0.008289,2.9
20130905,0.001261,2.98
20130906,0.000194,2.94
20130909,0.010143,2.9
20130910,0.007445,2.96
20130911,0.003132,2.93
20130912,-0.003057,2.92
20130913,0.002824,2.9
20130916,0.005725,2.88
20130917,0.004337,2.86
20130918,0.012281,2.69
20130919,-0.001649,2.76
20130920,-0.00718,2.75
20130923,-0.004703,2.72
20130924,-0.002512,2.67
20130925,-0.002836,2.63
20130926,0.003647,2.66
20130927,-0.004064,2.64
20130930,-0.006004,2.64
20131001,0.007948,2.66
20131002,-0.000453,2.63
20131003,-0.008983,2.62
20131004,0.006997,2.66
20131007,-0.008653,2.65
20131008,-0.011835,2.66
20131009,0.000665,2.68
20131010,0.021999,2.71
20131011,0.006247,2.7
20131014,0.004028,2.68
20131015,-0.007049,2.75
20131016,0.013931,2.69
20131017,0.006748,2.61
20131018,0.006599,2.6
20131021,0.000049,2.63
20131022,0.005811,2.54
20131023,-0.004769,2.51
20131024,0.003382,2.53
20131025,0.004538,2.53
20131028,0.001408,2.54
20131029,0.005638,2.53
20131030,-0.004725,2.55
20131031,-0.003629,2.57
20131101,0.002812,2.65
20131104,0.003611,2.63
20131105,-0.002643,2.69
20131106,0.004945,2.67
20131107,-0.013047,2.63
20131108,0.013383,2.77
20131111,0.000868,2.67
20131112,-0.00221,2.8
20131113,0.008407,2.75
20131114,0.005032,2.69
20131115,0.004164,2.71
20131118,-0.003615,2.67
20131119,-0.001941,2.71
20131120,-0.003578,2.8
20131121,0.008144,2.79
20131122,0.005076,2.75
20131125,-0.00113,2.74
20131126,0.000306,2.71
20131127,0.002796,2.74
20131129,-0.000704,2.75
20131202,-0.002526,2.81
20131203,-0.003192,2.79
20131204,-0.001071,2.84
20131205,-0.004448,2.88
20131206,0.011338,2.88
20131209,0.001871,2.86
20131210,-0.003295,2.81
20131211,-0.011122,2.86
20131212,-0.003588,2.89
20131213,-0.000063,2.88
20131216,0.006329,2.89
20131217,-0.003089,2.85
20131218,0.016609,2.89
20131219,-0.000494,2.94
20131220,0.005032,2.89
20131223,0.005333,2.94
20131224,0.003015,2.99
20131226,0.004784,3
20131227,-0.000212,3.02
20131230,-0.000111,2.99
20131231,0.003983,3.04
20140102,-0.008595,3
20140103,-0.000275,3.01
20140106,-0.002495,2.98
20140107,0.00609,2.96
20140108,0.000056,3.01
20140109,0.000369,2.97
20140110,0.002358,2.88
20140113,-0.012524,2.84
20140114,0.010866,2.88
20140115,0.005061,2.9
20140116,-0.001358,2.86
20140117,-0.003801,2.84
20140121,0.002788,2.85
20140122,0.000648,2.87
20140123,-0.008917,2.79
20140124,-0.020885,2.75
20140127,-0.004946,2.78
20140128,0.006288,2.77
20140129,-0.010172,2.69
20140130,0.011493,2.72
20140131,-0.00664,2.67
20140203,-0.022957,2.61
20140204,0.007695,2.64
20140205,-0.001722,2.7
20140206,0.012905,2.73
20140207,0.013283,2.71
20140210,0.001672,2.7
20140211,0.011133,2.75
20140212,0.00019,2.8
20140213,0.006053,2.73
20140214,0.004822,2.75
20140218,0.001301,2.71
20140219,-0.006349,2.73
20140220,0.006132,2.76
20140221,-0.001748,2.73
20140224,0.00627,2.75
20140225,-0.001301,2.7
20140226,0.000376,2.67
20140227,0.004977,2.65
20140228,0.002726,2.66
20140303,-0.007366,2.6
20140304,0.015324,2.7
20140305,0.000157,2.7
20140306,0.001736,2.74
20140307,0.00055,2.8
20140310,-0.000494,2.79
20140311,-0.005036,2.77
20140312,0.000613,2.73
20140313,-0.011595,2.66
20140314,-0.002778,2.65
20140317,0.009605,2.7
20140318,0.007293,2.68
20140319,-0.006192,2.78
20140320,0.006026,2.79
20140321,-0.002971,2.75
20140324,-0.004746,2.74
20140325,0.004416,2.75
20140326,-0.007022,2.71
20140327,-0.001715,2.69
20140328,0.004673,2.73
20140331,0.007985,2.73
20140401,0.007171,2.77
20140402,0.003009,2.82
20140403,-0.001183,2.8
20140404,-0.012602,2.74
20140407,-0.01067,2.71
20140408,0.004302,2.69
20140409,0.011019,2.71
20140410,-0.02101,2.65
20140411,-0.009449,2.63
20140414,0.00828,2.65
20140415,0.006704,2.64
20140416,0.010551,2.65
20140417,0.001345,2.73
20140421,0.00374,2.73
20140422,0.004064,2.73
20140423,-0.002149,2.7
20140424,0.001664,2.7
20140425,-0.008293,2.68
20140428,0.003239,2.7
20140429,0.004856,2.71
20140430,0.003123,2.67
20140501,-0.000047,2.63
20140502,-0.001378,2.6
20140505,0.001898,2.63
20140506,-0.008985,2.61
20140507,0.00596,2.62
20140508,-0.001097,2.61
20140509,0.001806,2.62
20140512,0.009899,2.66
20140513,0.000701,2.61
20140514,-0.004558,2.54
20140515,-0.009363,2.5
20140516,0.003727,2.52
20140519,0.003886,2.54
20140520,-0.006523,2.52
20140521,0.00826,2.54
20140522,0.00244,2.56
20140523,0.004329,2.54
20140527,0.005997,2.52
20140528,-0.001014,2.44
20140529,0.005499,2.45
20140530,0.00189,2.48
20140602,0.000832,2.54
20140603,-0.000387,2.6
20140604,0.002108,2.61
20140605,0.006645,2.59
20140606,0.004822,2.6
20140609,0.000962,2.62
20140610,-0.000262,2.64
20140611,-0.003447,2.65
20140612,-0.006838,2.58
20140613,0.003143,2.6
20140616,0.000825,2.61
20140617,0.002241,2.66
20140618,0.007848,2.61
20140619,0.001311,2.64
20140620,0.001691,2.63
20140623,-0.000019,2.63
20140624,-0.006352,2.59
20140625,0.004824,2.57
20140626,-0.001148,2.53
20140627,0.002066,2.54
20140630,-0.000311,2.53
20140701,0.006864,2.58
20140702,0.000656,2.64
20140703,0.005392,2.65
20140707,-0.003839,2.63
20140708,-0.006723,2.58
20140709,0.004662,2.57
20140710,-0.004144,2.55
20140711,0.001618,2.53
20140714,0.004856,2.55
20140715,-0.001933,2.56
20140716,0.004352,2.55
20140717,-0.011614,2.47
20140718,0.010239,2.5
20140721,-0.00226,2.49
20140722,0.004959,2.48
20140723,0.001767,2.48
20140724,0.000465,2.52
20140725,-0.004938,2.48
20140728,0.000228,2.5
20140729,-0.004486,2.47
20140730,0.000194,2.57
20140731,-0.019929,2.58
20140801,-0.002982,2.52
20140804,0.007143,2.51
20140805,-0.009499,2.49
20140806,0.000378,2.49
20140807,-0.005303,2.43
20140808,0.011524,2.44
20140811,0.002901,2.44
20140812,-0.001668,2.46
20140813,0.006939,2.43
20140814,0.00436,2.4
20140815,0.000085,2.34
20140818,0.008628,2.39
20140819,0.005292,2.4
20140820,0.002524,2.43
20140821,0.002979,2.41
20140822,-0.001758,2.4
20140825,0.004783,2.39
20140826,0.00109,2.39
20140827,0.000132,2.37
20140828,-0.001583,2.34
20140829,0.003363,2.35
20140902,-0.000439,2.42
20140903,-0.000566,2.41
20140904,-0.001383,2.45
20140905,0.005057,2.46
20140908,-0.002982,2.48
20140909,-0.006551,2.5
20140910,0.003676,2.54
20140911,0.001135,2.54
20140912,-0.00591,2.62
20140915,-0.000819,2.6
20140916,0.007541,2.6
20140917,0.001261,2.62
20140918,0.005027,2.63
20140919,-0.000442,2.59
20140922,-0.008037,2.57
20140923,-0.005735,2.54
20140924,0.007993,2.57
20140925,-0.016122,2.52
20140926,0.008738,2.54
20140929,-0.002507,2.5
20140930,-0.002648,2.52
20141001,-0.013082,2.42
20141002,0.000146,2.44
20141003,0.011167,2.45
20141006,-0.00149,2.43
20141007,-0.015091,2.36
20141008,0.017686,2.35
20141009,-0.020568,2.34
20141010,-0.011288,2.31
20141013,-0.016465,2.35
20141014,0.001633,2.21
20141015,-0.008095,2.15
20141016,0.000072,2.17
20141017,0.012737,2.22
20141020,0.009184,2.2
20141021,0.019483,2.23
20141022,-0.00709,2.25
20141023,0.01218,2.29
20141024,0.006866,2.29
20141027,-0.001469,2.27
20141028,0.011817,2.3
20141029,-0.001291,2.34
20141030,0.006384,2.32
20141031,0.011692,2.35
20141103,-0.000161,2.36
20141104,-0.002762,2.35
20141105,0.005923,2.36
20141106,0.004119,2.39
20141107,0.000677,2.32
20141110,0.003279,2.38
20141111,0.000677,2.36
20141112,-0.000444,2.37
20141113,0.000912,2.35
20141114,0.000423,2.32
20141117,0.000814,2.34
20141118,0.005303,2.32
20141119,-0.001267,2.36
20141120,0.001877,2.34
20141121,0.005325,2.31
20141124,0.002893,2.3
20141125,-0.00114,2.27
20141126,0.003037,2.24
20141128,-0.002131,2.18
20141201,-0.006999,2.22
20141202,0.006352,2.28
20141203,0.003846,2.29
20141204,-0.001108,2.25
20141205,0.001607,2.31
20141208,-0.007021,2.26
20141209,-0.000191,2.22
20141210,-0.016261,2.18
20141211,0.004852,2.19
20141212,-0.016058,2.1
20141215,-0.006143,2.12
20141216,-0.008611,2.07
20141217,0.020318,2.14
20141218,0.024296,2.22
20141219,0.004482,2.17
20141222,0.004086,2.17
20141223,0.001904,2.26
20141224,-0.000148,2.27
20141226,0.00331,2.25
20141229,0.000948,2.22
20141230,-0.004736,2.2
20141231,-0.010244,2.17
20150102,-0.000165,2.12
20150105,-0.018112,2.04
20150106,-0.008869,1.97
20150107,0.01211,1.96
20150108,0.01783,2.03
20150109,-0.0084,1.98
20150112,-0.00798,1.92
20150113,-0.00256,1.91
20150114,-0.005905,1.86
20150115,-0.009149,1.77
20150116,0.013317,1.83
20150120,0.001686,1.82
20150121,0.004874,1.87
20150122,0.015301,1.9
20150123,-0.005362,1.81
20150126,0.002496,1.83
20150127,-0.013292,1.83
20150128,-0.013339,1.73
20150129,0.009638,1.77
20150130,-0.012832,1.68
20150202,0.012851,1.68
20150203,0.014306,1.79
20150204,-0.003814,1.81
20150205,0.010546,1.83
20150206,-0.003109,1.95
20150209,-0.004306,1.96
20150210,0.010839,2.01
20150211,0.000206,2
20150212,0.009822,1.99
20150213,0.004082,2.02
20150217,0.001687,2.14
20150218,-0.000185,2.07
20150219,-0.000949,2.11
20150220,0.006179,2.13
20150223,-0.000248,2.06
20150224,0.002685,1.99
20150225,-0.000578,1.96
20150226,-0.001256,2.03
20150227,-0.002875,2
20150302,0.00627,2.08
20150303,-0.004584,2.12
20150304,-0.004182,2.12
20150305,0.001384,2.11
20150306,-0.014191,2.24
20150309,0.004038,2.2
20150310,-0.016802,2.14
20150311,-0.001821,2.11
20150312,0.012985,2.1
20150313,-0.005975,2.13
20150316,0.013627,2.1
20150317,-0.003348,2.06
20150318,0.012142,1.93
20150319,-0.00484,1.98
20150320,0.009114,1.93
20150323,-0.001711,1.92
20150324,-0.005943,1.88
20150325,-0.01465,1.93
20150326,-0.002283,2.01
20150327,0.002482,1.95
20150330,0.012275,1.96
20150331,-0.008564,1.94
20150401,-0.003964,1.87
20150402,0.003517,1.92
20150406,0.006606,1.92
20150407,-0.002077,1.89
20150408,0.003188,1.92
20150409,0.004435,1.97
20150410,0.005049,1.96
20150413,-0.004475,1.94
20150414,0.001618,1.9
20150415,0.005081,1.91
20150416,-0.000811,1.9
20150417,-0.011408,1.87
20150420,0.009185,1.9
20150421,-0.001377,1.92
20150422,0.005124,1.99
20150423,0.002475,1.96
20150424,0.00243,1.93
20150427,-0.004142,1.94
20150428,0.002747,2
20150429,-0.003773,2.06
20150430,-0.010055,2.05
20150501,0.010831,2.12
20150504,0.002882,2.16
20150505,-0.011716,2.19
20150506,-0.004029,2.25
20150507,0.004091,2.18
20150508,0.01338,2.16
20150511,-0.004815,2.28
20150512,-0.00281,2.28
20150513,-0.000103,2.27
20150514,0.010902,2.23
20150515,0.000819,2.14
20150518,0.003104,2.23
20150519,-0.000774,2.27
20150520,-0.000843,2.26
20150521,0.002523,2.19
20150522,-0.002228,2.21
20150526,-0.010319,2.14
20150527,0.009336,2.14
20150528,-0.001115,2.13
20150529,-0.006246,2.12
20150601,0.002189,2.19
20150602,-0.000941,2.27
20150603,0.002344,2.38
20150604,-0.008604,2.31
20150605,-0.001427,2.41
20150608,-0.006372,2.39
20150609,0.00051,2.42
20150610,0.01218,2.5
20150611,0.002003,2.39
20150612,-0.006905,2.39
20150615,-0.004626,2.36
20150616,0.005804,2.32
20150617,0.002029,2.32
20150618,0.009846,2.35
20150619,-0.005333,2.26
20150622,0.006047,2.37
20150623,0.000747,2.42
20150624,-0.0073,2.38
20150625,-0.002942,2.4
20150626,-0.00017,2.49
20150629,-0.020733,2.33
20150630,0.002715,2.35
20150701,0.007103,2.43
20150702,-0.000255,2.4
20150706,-0.00379,2.3
20150707,0.006243,2.27
20150708,-0.016269,2.22
20150709,0.002294,2.32
20150710,0.012365,2.42
20150713,0.011254,2.44
20150714,0.004466,2.41
20150715,-0.00092,2.36
20150716,0.008094,2.36
20150717,0.001293,2.34
20150720,0.000878,2.38
20150721,-0.004271,2.35
20150722,-0.002211,2.33
20150723,-0.005694,2.28
20150724,-0.010448,2.27
20150727,-0.005735,2.23
20150728,0.012287,2.26
20150729,0.007463,2.29
20150730,0.000173,2.28
20150731,-0.002188,2.2
20150803,-0.002674,2.16
20150804,-0.002135,2.23
20150805,0.003722,2.28
20150806,-0.007521,2.23
20150807,-0.003013,2.18
20150810,0.012667,2.24
20150811,-0.009154,2.15
20150812,0.001136,2.14
20150813,-0.001209,2.19
20150814,0.003978,2.2
20150817,0.005274,2.16
20150818,-0.002598,2.2
20150819,-0.008168,2.12
20150820,-0.020963,2.09
20150821,-0.031656,2.05
20150824,-0.039372,2.01
20150825,-0.013371,2.12
20150826,0.039178,2.18
20150827,0.024267,2.18
20150828,0.000638,2.19
20150831,-0.008319,2.21
20150901,-0.029419,2.17
20150902,0.018473,2.2
20150903,0.001312,2.18
20150904,-0.015208,2.13
20150908,0.025441,2.2
20150909,-0.013809,2.21
20150910,0.005224,2.23
20150911,0.00492,2.2
20150914,-0.004017,2.18
20150915,0.012701,2.28
20150916,0.008801,2.3
20150917,-0.002355,2.21
20150918,-0.016077,2.13
20150921,0.00461,2.2
20150922,-0.01232,2.14
20150923,-0.002029,2.16
20150924,-0.003418,2.13
20150925,-0.000514,2.17
20150928,-0.025484,2.1
20150929,0.001182,2.05
20150930,0.019174,2.06
20151001,0.002083,2.05
20151002,0.014534,1.99
20151005,0.018311,2.07
20151006,-0.003618,2.05
20151007,0.008414,2.08
20151008,0.008755,2.12
20151009,0.000816,2.12
20151012,0.001286,2.08
20151013,-0.0067,2.06
20151014,-0.005229,1.99
20151015,0.014745,2.04
20151016,0.004642,2.04
20151019,0.000199,2.04
20151020,-0.001494,2.08
20151021,-0.005683,2.04
20151022,0.01655,2.04
20151023,0.010927,2.09
20151026,-0.001801,2.07
20151027,-0.002522,2.05
20151028,0.011773,2.1
20151029,-0.00033,2.19
20151030,-0.004718,2.16
20151102,0.011687,2.2
20151103,0.002679,2.23
20151104,-0.00309,2.25
20151105,-0.000744,2.26
20151106,-0.000296,2.34
20151109,-0.009597,2.36
20151110,0.001874,2.32
20151111,-0.003284,2.32
20151112,-0.013719,2.32
20151113,-0.011285,2.28
20151116,0.01516,2.27
20151117,-0.000952,2.25
20151118,0.016253,2.27
20151119,-0.00108,2.24
20151120,0.00393,2.26
20151123,-0.001019,2.25
20151124,0.001202,2.24
20151125,0.000107,2.23
20151127,0.000756,2.22
20151130,-0.004752,2.21
20151201,0.010733,2.15
20151202,-0.010711,2.18
20151203,-0.014242,2.33
20151204,0.020367,2.28
20151207,-0.006789,2.23
20151208,-0.006288,2.24
20151209,-0.00769,2.22
20151210,0.002337,2.24
20151211,-0.019273,2.13
20151214,0.004951,2.23
20151215,0.010446,2.28
20151216,0.01469,2.3
20151217,-0.014958,2.24
20151218,-0.017558,2.19
20151221,0.007889,2.2
20151222,0.008941,2.24
20151223,0.012446,2.27
20151224,-0.001635,2.25
20151228,-0.002082,2.24
20151229,0.010906,2.32
20151230,-0.007063,2.31
20151231,-0.009432,2.27
20160104,-0.01519,2.24
20160105,0.002134,2.25
20160106,-0.012566,2.18
20160107,-0.023433,2.16
20160108,-0.010898,2.13
20160111,0.001055,2.17
20160112,0.007732,2.12
20160113,-0.02505,2.08
20160114,0.016641,2.1
20160115,-0.021666,2.03
20160119,0.000584,2.06
20160120,-0.011584,2.01
20160121,0.0054,2.02
20160122,0.020313,2.07
20160125,-0.015346,2.03
20160126,0.014103,2.01
20160127,-0.010767,2.02
20160128,0.005788,2
20160129,0.024522,1.94
20160201,-0.000353,1.97
20160202,-0.018668,1.87
20160203,0.004892,1.88
20160204,0.001674,1.87
20160205,-0.018422,1.86
20160208,-0.014243,1.75
20160209,-0.000563,1.74
20160210,0.000266,1.71
20160211,-0.011937,1.63
20160212,0.019407,1.74
20160216,0.016835,1.78
20160217,0.016645,1.81
20160218,-0.004807,1.75
20160219,0.000267,1.76
20160222,0.014514,1.77
20160223,-0.012146,1.74
20160224,0.004498,1.75
20160225,0.011663,1.71
20160226,-0.001763,1.76
20160229,-0.008096,1.74
20160301,0.023751,1.83
20160302,0.004158,1.84
20160303,0.003601,1.83
20160304,0.003277,1.88
20160307,0.000897,1.91
20160308,-0.010939,1.83
20160309,0.00514,1.9
20160310,0.00021,1.93
20160311,0.016578,1.98
20160314,-0.001083,1.97
20160315,-0.001833,1.97
20160316,0.00577,1.94
20160317,0.006394,1.91
20160318,0.004326,1.88
20160321,0.001002,1.92
20160322,-0.000758,1.94
20160323,-0.006336,1.88
20160324,-0.000324,1.91
20160328,0.000579,1.89
20160329,0.008996,1.81
20160330,0.004496,1.83
20160331,-0.00203,1.78
20160401,0.006388,1.79
20160404,-0.003057,1.78
20160405,-0.010146,1.73
20160406,0.01086,1.76
20160407,-0.011989,1.7
20160408,0.002779,1.72
20160411,-0.002805,1.73
20160412,0.009758,1.79
20160413,0.010088,1.77
20160414,0.000234,1.8
20160415,-0.000876,1.76
20160418,0.006639,1.78
20160419,0.002914,1.79
20160420,0.000738,1.85
20160421,-0.005231,1.88
20160422,0.00002,1.89
20160425,-0.001656,1.91
20160426,0.001775,1.94
20160427,0.00174,1.87
20160428,-0.00914,1.84
20160429,-0.004948,1.83
20160502,0.007958,1.88
20160503,-0.008675,1.81
20160504,-0.0056,1.79
20160505,0.000095,1.76
20160506,0.003474,1.79
20160509,0.000921,1.77
20160510,0.012501,1.77
20160511,-0.009117,1.73
20160512,0.000048,1.75
20160513,-0.008524,1.71
20160516,0.009907,1.75
20160517,-0.009345,1.76
20160518,0.000047,1.87
20160519,-0.003166,1.85
20160520,0.006168,1.85
20160523,-0.002063,1.84
20160524,0.013685,1.86
20160525,0.006974,1.87
20160526,-0.000039,1.83
20160527,0.004409,1.85
20160531,-0.000821,1.84
20160601,0.001266,1.85
20160602,0.002911,1.81
20160603,-0.002827,1.71
20160606,0.004856,1.73
20160607,0.001246,1.72
20160608,0.003516,1.71
20160609,-0.001697,1.68
20160610,-0.009141,1.64
20160613,-0.007757,1.62
20160614,-0.001673,1.62
20160615,-0.001711,1.6
20160616,0.003261,1.57
20160617,-0.003229,1.62
20160620,0.005859,1.67
20160621,0.002732,1.71
20160622,-0.001645,1.69
20160623,0.013333,1.74
20160624,-0.035723,1.57
20160627,-0.018011,1.46
20160628,0.017815,1.46
20160629,0.017256,1.5
20160630,0.013529,1.49
20160701,0.002169,1.46
20160705,-0.006639,1.37
20160706,0.005709,1.38
20160707,-0.000774,1.4
20160708,0.015192,1.37
20160711,0.003447,1.43
20160712,0.006791,1.53
20160713,0.000253,1.48
20160714,0.005231,1.53
20160715,-0.000962,1.6
20160718,0.002433,1.59
20160719,-0.001407,1.56
20160720,0.004373,1.59
20160721,-0.003588,1.57
20160722,0.004509,1.57
20160725,-0.00288,1.58
20160726,0.000199,1.57
20160727,-0.001334,1.52
20160728,0.001742,1.52
20160729,0.001739,1.46
20160801,-0.001183,1.51
20160802,-0.006411,1.55
20160803,0.003364,1.55
20160804,0.000503,1.51
20160805,0.008638,1.59
20160808,-0.000817,1.59
20160809,0.000379,1.55
20160810,-0.002326,1.5
20160811,0.004847,1.57
20160812,-0.000708,1.51
20160815,0.002835,1.55
20160816,-0.005339,1.57
20160817,0.002046,1.56
20160818,0.002338,1.53
20160819,-0.001407,1.58
20160822,-0.000531,1.55
20160823,0.001901,1.55
20160824,-0.005186,1.56
20160825,-0.001417,1.58
20160826,-0.001507,1.62
20160829,0.005327,1.57
20160830,-0.001856,1.57
20160831,-0.002113,1.58
20160901,0.000062,1.57
20160902,0.004168,1.6
20160906,0.003045,1.55
20160907,0.000049,1.54
20160908,-0.002217,1.61
20160909,-0.024623,1.67
20160912,0.014852,1.68
20160913,-0.014474,1.73
20160914,-0.000553,1.7
20160915,0.010269,1.71
20160916,-0.00371,1.7
20160919,-0.000098,1.7
20160920,0.000339,1.69
20160921,0.010844,1.66
20160922,0.006607,1.63
20160923,-0.005616,1.62
20160926,-0.008565,1.59
20160927,0.006603,1.56
20160928,0.00542,1.57
20160929,-0.009335,1.56
20160930,0.008021,1.6
20161003,-0.003092,1.63
20161004,-0.004863,1.69
20161005,0.004639,1.72
20161006,0.000282,1.75
20161007,-0.003269,1.73
20161010,0.004571,1.72
20161011,-0.012474,1.77
20161012,0.00121,1.79
20161013,-0.002939,1.75
20161014,0.000234,1.8
20161017,-0.003031,1.77
20161018,0.006191,1.75
20161019,0.002284,1.76
20161020,-0.001259,1.76
20161021,0.000169,1.74
20161024,0.004968,1.77
20161025,-0.003734,1.77
20161026,-0.001806,1.79
20161027,-0.002978,1.85
20161028,-0.003026,1.86
20161031,0.000017,1.84
20161101,-0.006804,1.83
20161102,-0.006457,1.81
20161103,-0.004079,1.82
20161104,-0.001766,1.79
20161107,0.022186,1.83
20161108,0.004279,1.88
20161109,0.010919,2.07
20161110,0.001676,2.15
20161111,-0.001388,1.88
20161114,-0.000078,2.23
20161115,0.007828,2.23
20161116,-0.001269,2.22
20161117,0.004581,2.29
20161118,-0.00234,2.34
20161121,0.007546,2.33
20161122,0.002337,2.31
20161123,0.000806,2.36
20161125,0.003954,2.36
20161128,-0.00509,2.32
20161129,0.001574,2.3
20161130,-0.002682,2.37
20161201,-0.003684,2.45
20161202,0.000426,2.4
20161205,0.005921,2.39
20161206,0.003435,2.39
20161207,0.013385,2.34
20161208,0.002241,2.4
20161209,0.005862,2.47
20161212,-0.00111,2.49
20161213,0.006688,2.48
20161214,-0.008034,2.54
20161215,0.00383,2.6
20161216,-0.001763,2.6
20161219,0.002005,2.54
20161220,0.003783,2.57
20161221,-0.002423,2.55
20161222,-0.001929,2.55
20161223,0.001354,2.55
20161227,0.002297,2.57
20161228,-0.008145,2.51
20161229,-0.000246,2.49
20161230,-0.004634,2.45
